CSDUID,CSD,Period,IndicatorSummaryDescription,Crop Type,UnitOfMeasure,OriginalValue
4805031,Starland County,2006,Cropland (Acres),Barley,Acres,74158.00000
4805031,Starland County,2011,Cropland (Acres),Barley,Acres,58694.00000
4805031,Starland County,2016,Cropland (Acres),Barley,Acres,78553.00000
4805041,Kneehill County,2006,Cropland (Acres),Barley,Acres,145640.00000
4805041,Kneehill County,2011,Cropland (Acres),Barley,Acres,131926.00000
4805041,Kneehill County,2016,Cropland (Acres),Barley,Acres,139834.00000
4802001,Warner County No. 5,2006,Cropland (Acres),Barley,Acres,108827.00000
4802001,Warner County No. 5,2011,Cropland (Acres),Barley,Acres,103801.00000
4802001,Warner County No. 5,2016,Cropland (Acres),Barley,Acres,91844.00000
4807049,Wainwright No. 61,2006,Cropland (Acres),Barley,Acres,69559.00000
4807049,Wainwright No. 61,2011,Cropland (Acres),Barley,Acres,52567.00000
4807049,Wainwright No. 61,2016,Cropland (Acres),Barley,Acres,48738.00000
4808001,Red Deer County,2006,Cropland (Acres),Barley,Acres,163593.00000
4808001,Red Deer County,2011,Cropland (Acres),Barley,Acres,163446.00000
4808001,Red Deer County,2016,Cropland (Acres),Barley,Acres,150080.00000
4805012,Wheatland County,2006,Cropland (Acres),Barley,Acres,161634.00000
4805012,Wheatland County,2011,Cropland (Acres),Barley,Acres,146258.00000
4805012,Wheatland County,2016,Cropland (Acres),Barley,Acres,152705.00000
4807019,Stettler County No. 6,2006,Cropland (Acres),Barley,Acres,76780.00000
4807019,Stettler County No. 6,2011,Cropland (Acres),Barley,Acres,77925.00000
4807019,Stettler County No. 6,2016,Cropland (Acres),Barley,Acres,80386.00000
4808022,Lacombe County,2006,Cropland (Acres),Barley,Acres,103488.00000
4808022,Lacombe County,2011,Cropland (Acres),Barley,Acres,111902.00000
4808022,Lacombe County,2016,Cropland (Acres),Barley,Acres,89475.00000
4807031,Flagstaff County,2006,Cropland (Acres),Barley,Acres,95499.00000
4807031,Flagstaff County,2011,Cropland (Acres),Barley,Acres,81926.00000
4807031,Flagstaff County,2016,Cropland (Acres),Barley,Acres,84591.00000
4807011,Paintearth County No. 18,2006,Cropland (Acres),Barley,Acres,41964.00000
4807011,Paintearth County No. 18,2011,Cropland (Acres),Barley,Acres,43339.00000
4807011,Paintearth County No. 18,2016,Cropland (Acres),Barley,Acres,34695.00000
4810001,Camrose County,2006,Cropland (Acres),Barley,Acres,83074.00000
4810001,Camrose County,2011,Cropland (Acres),Barley,Acres,82276.00000
4810001,Camrose County,2016,Cropland (Acres),Barley,Acres,103574.00000
4811061,Edmonton,2006,Cropland (Acres),Barley,Acres,5609.00000
4811061,Edmonton,2011,Cropland (Acres),Barley,Acres,662.00000
4811061,Edmonton,2016,Cropland (Acres),Barley,Acres,4060.00000
4803001,Cardston County,2006,Cropland (Acres),Barley,Acres,182329.00000
4803001,Cardston County,2011,Cropland (Acres),Barley,Acres,120774.00000
4803001,Cardston County,2016,Cropland (Acres),Barley,Acres,88655.00000
4802031,Newell County,2006,Cropland (Acres),Barley,Acres,48233.00000
4802031,Newell County,2011,Cropland (Acres),Barley,Acres,44869.00000
4802031,Newell County,2016,Cropland (Acres),Barley,Acres,44051.00000
4808038,Ponoka County,2006,Cropland (Acres),Barley,Acres,77534.00000
4808038,Ponoka County,2011,Cropland (Acres),Barley,Acres,81853.00000
4808038,Ponoka County,2016,Cropland (Acres),Barley,Acres,73818.00000
4812037,Lac la Biche County,2006,Cropland (Acres),Barley,Acres,6441.00000
4812037,Lac la Biche County,2011,Cropland (Acres),Barley,Acres,4978.00000
4812037,Lac la Biche County,2016,Cropland (Acres),Barley,Acres,6070.00000
4809002,Clearwater County,2006,Cropland (Acres),Barley,Acres,21053.00000
4809002,Clearwater County,2011,Cropland (Acres),Barley,Acres,29209.00000
4809002,Clearwater County,2016,Cropland (Acres),Barley,Acres,21237.00000
4810026,Minburn County No. 27,2006,Cropland (Acres),Barley,Acres,66246.00000
4810026,Minburn County No. 27,2011,Cropland (Acres),Barley,Acres,56768.00000
4810026,Minburn County No. 27,2016,Cropland (Acres),Barley,Acres,58898.00000
4813028,Westlock County,2006,Cropland (Acres),Barley,Acres,84397.00000
4813028,Westlock County,2011,Cropland (Acres),Barley,Acres,65044.00000
4813028,Westlock County,2016,Cropland (Acres),Barley,Acres,61880.00000
4813029,Woodlands County,2006,Cropland (Acres),Barley,Acres,5633.00000
4813029,Woodlands County,2011,Cropland (Acres),Barley,Acres,8498.00000
4813029,Woodlands County,2016,Cropland (Acres),Barley,Acres,5626.00000
4813018,Barrhead County No. 11,2006,Cropland (Acres),Barley,Acres,62909.00000
4813018,Barrhead County No. 11,2011,Cropland (Acres),Barley,Acres,41461.00000
4813018,Barrhead County No. 11,2016,Cropland (Acres),Barley,Acres,49078.00000
4810016,Beaver County,2006,Cropland (Acres),Barley,Acres,55336.00000
4810016,Beaver County,2011,Cropland (Acres),Barley,Acres,36791.00000
4810016,Beaver County,2016,Cropland (Acres),Barley,Acres,34454.00000
4801008,Forty Mile County No. 8,2006,Cropland (Acres),Barley,Acres,70003.00000
4801008,Forty Mile County No. 8,2011,Cropland (Acres),Barley,Acres,50371.00000
4801008,Forty Mile County No. 8,2016,Cropland (Acres),Barley,Acres,59905.00000
4801003,Cypress County,2006,Cropland (Acres),Barley,Acres,33480.00000
4801003,Cypress County,2011,Cropland (Acres),Barley,Acres,25115.00000
4801003,Cypress County,2016,Cropland (Acres),Barley,Acres,32413.00000
4803018,Willow Creek No. 26,2006,Cropland (Acres),Barley,Acres,153361.00000
4803018,Willow Creek No. 26,2011,Cropland (Acres),Barley,Acres,119280.00000
4803018,Willow Creek No. 26,2016,Cropland (Acres),Barley,Acres,106851.00000
4802011,Lethbridge County,2006,Cropland (Acres),Barley,Acres,164227.00000
4802011,Lethbridge County,2011,Cropland (Acres),Barley,Acres,115228.00000
4802011,Lethbridge County,2016,Cropland (Acres),Barley,Acres,92621.00000
4802021,"Taber, M.D.",2006,Cropland (Acres),Barley,Acres,72604.00000
4802021,"Taber, M.D.",2011,Cropland (Acres),Barley,Acres,74885.00000
4802021,"Taber, M.D.",2016,Cropland (Acres),Barley,Acres,63682.00000
4803011,Pincher Creek No. 9,2006,Cropland (Acres),Barley,Acres,86886.00000
4803011,Pincher Creek No. 9,2011,Cropland (Acres),Barley,Acres,93180.00000
4803011,Pincher Creek No. 9,2016,Cropland (Acres),Barley,Acres,52865.00000
4804004,Special Area No. 2,2006,Cropland (Acres),Barley,Acres,35031.00000
4804004,Special Area No. 2,2011,Cropland (Acres),Barley,Acres,37815.00000
4804004,Special Area No. 2,2016,Cropland (Acres),Barley,Acres,26382.00000
4804012,Special Area No. 3,2006,Cropland (Acres),Barley,Acres,64041.00000
4804012,Special Area No. 3,2011,Cropland (Acres),Barley,Acres,45941.00000
4804012,Special Area No. 3,2016,Cropland (Acres),Barley,Acres,28972.00000
4804020,Special Area No. 4,2006,Cropland (Acres),Barley,Acres,20856.00000
4804020,Special Area No. 4,2011,Cropland (Acres),Barley,Acres,34874.00000
4804020,Special Area No. 4,2016,Cropland (Acres),Barley,Acres,26618.00000
4805001,Vulcan County,2006,Cropland (Acres),Barley,Acres,192226.00000
4805001,Vulcan County,2011,Cropland (Acres),Barley,Acres,166836.00000
4805001,Vulcan County,2016,Cropland (Acres),Barley,Acres,188258.00000
4806001,Foothills No. 31,2006,Cropland (Acres),Barley,Acres,109661.00000
4806001,Foothills No. 31,2011,Cropland (Acres),Barley,Acres,86922.00000
4806001,Foothills No. 31,2016,Cropland (Acres),Barley,Acres,70715.00000
4806014,Rocky View County,2006,Cropland (Acres),Barley,Acres,149779.00000
4806014,Rocky View County,2011,Cropland (Acres),Barley,Acres,134726.00000
4806014,Rocky View County,2016,Cropland (Acres),Barley,Acres,129546.00000
4806016,Calgary,2006,Cropland (Acres),Barley,Acres,13637.00000
4806016,Calgary,2011,Cropland (Acres),Barley,Acres,7600.00000
4806016,Calgary,2016,Cropland (Acres),Barley,Acres,16027.00000
4806028,Mountain View County,2006,Cropland (Acres),Barley,Acres,158826.00000
4806028,Mountain View County,2011,Cropland (Acres),Barley,Acres,160852.00000
4806028,Mountain View County,2016,Cropland (Acres),Barley,Acres,118334.00000
4807001,Provost No. 52,2006,Cropland (Acres),Barley,Acres,58987.00000
4807001,Provost No. 52,2011,Cropland (Acres),Barley,Acres,48908.00000
4807001,Provost No. 52,2016,Cropland (Acres),Barley,Acres,49145.00000
4819041,Smoky River No. 130,2006,Cropland (Acres),Barley,Acres,19237.00000
4819041,Smoky River No. 130,2011,Cropland (Acres),Barley,Acres,9539.00000
4819041,Smoky River No. 130,2016,Cropland (Acres),Barley,Acres,16940.00000
4810036,Vermilion River County,2006,Cropland (Acres),Barley,Acres,129037.00000
4810036,Vermilion River County,2011,Cropland (Acres),Barley,Acres,99221.00000
4810036,Vermilion River County,2016,Cropland (Acres),Barley,Acres,82634.00000
4817026,Northern Sunrise County,2006,Cropland (Acres),Barley,Acres,4620.00000
4817026,Northern Sunrise County,2011,Cropland (Acres),Barley,Acres,6584.00000
4817026,Northern Sunrise County,2016,Cropland (Acres),Barley,Acres,5648.00000
4817027,Big Lakes County,2006,Cropland (Acres),Barley,Acres,15825.00000
4817027,Big Lakes County,2011,Cropland (Acres),Barley,Acres,10901.00000
4817027,Big Lakes County,2016,Cropland (Acres),Barley,Acres,8617.00000
4813001,Lac Ste. Anne County,2006,Cropland (Acres),Barley,Acres,21445.00000
4813001,Lac Ste. Anne County,2011,Cropland (Acres),Barley,Acres,30636.00000
4813001,Lac Ste. Anne County,2016,Cropland (Acres),Barley,Acres,19486.00000
4819049,Birch Hills County,2006,Cropland (Acres),Barley,Acres,29007.00000
4819049,Birch Hills County,2011,Cropland (Acres),Barley,Acres,31167.00000
4819049,Birch Hills County,2016,Cropland (Acres),Barley,Acres,25842.00000
4819054,Spirit River No. 133,2006,Cropland (Acres),Barley,Acres,5231.00000
4819054,Spirit River No. 133,2011,Cropland (Acres),Barley,Acres,2642.00000
4819054,Spirit River No. 133,2016,Cropland (Acres),Barley,Acres,7492.00000
4819059,Saddle Hills County,2006,Cropland (Acres),Barley,Acres,15843.00000
4819059,Saddle Hills County,2011,Cropland (Acres),Barley,Acres,18170.00000
4819059,Saddle Hills County,2016,Cropland (Acres),Barley,Acres,17269.00000
4819066,Fairview No. 136,2006,Cropland (Acres),Barley,Acres,20962.00000
4819066,Fairview No. 136,2011,Cropland (Acres),Barley,Acres,10304.00000
4819066,Fairview No. 136,2016,Cropland (Acres),Barley,Acres,7440.00000
4811032,Brazeau County,2006,Cropland (Acres),Barley,Acres,4919.00000
4811032,Brazeau County,2011,Cropland (Acres),Barley,Acres,4369.00000
4811032,Brazeau County,2016,Cropland (Acres),Barley,Acres,4034.00000
4811034,Parkland County,2006,Cropland (Acres),Barley,Acres,33582.00000
4811034,Parkland County,2011,Cropland (Acres),Barley,Acres,28335.00000
4811034,Parkland County,2016,Cropland (Acres),Barley,Acres,31766.00000
4811052,Strathcona County,2006,Cropland (Acres),Barley,Acres,17953.00000
4811052,Strathcona County,2011,Cropland (Acres),Barley,Acres,13602.00000
4811052,Strathcona County,2016,Cropland (Acres),Barley,Acres,15035.00000
4811059,Sturgeon County,2006,Cropland (Acres),Barley,Acres,57914.00000
4811059,Sturgeon County,2011,Cropland (Acres),Barley,Acres,44883.00000
4811059,Sturgeon County,2016,Cropland (Acres),Barley,Acres,48168.00000
4817095,Mackenzie County,2006,Cropland (Acres),Barley,Acres,13395.00000
4817095,Mackenzie County,2011,Cropland (Acres),Barley,Acres,13129.00000
4817095,Mackenzie County,2016,Cropland (Acres),Barley,Acres,24231.00000
4817062,Clear Hills,2006,Cropland (Acres),Barley,Acres,26899.00000
4817062,Clear Hills,2011,Cropland (Acres),Barley,Acres,32646.00000
4817062,Clear Hills,2016,Cropland (Acres),Barley,Acres,20883.00000
4818015,Greenview No. 16,2006,Cropland (Acres),Barley,Acres,14253.00000
4818015,Greenview No. 16,2011,Cropland (Acres),Barley,Acres,18101.00000
4818015,Greenview No. 16,2016,Cropland (Acres),Barley,Acres,17914.00000
4819006,Grande Prairie County No. 1,2006,Cropland (Acres),Barley,Acres,72908.00000
4819006,Grande Prairie County No. 1,2011,Cropland (Acres),Barley,Acres,63127.00000
4819006,Grande Prairie County No. 1,2016,Cropland (Acres),Barley,Acres,73873.00000
4812004,Bonnyville No. 87,2006,Cropland (Acres),Barley,Acres,32277.00000
4812004,Bonnyville No. 87,2011,Cropland (Acres),Barley,Acres,26761.00000
4812004,Bonnyville No. 87,2016,Cropland (Acres),Barley,Acres,23576.00000
4812014,St. Paul County No. 19,2006,Cropland (Acres),Barley,Acres,50690.00000
4812014,St. Paul County No. 19,2011,Cropland (Acres),Barley,Acres,48671.00000
4812014,St. Paul County No. 19,2016,Cropland (Acres),Barley,Acres,50866.00000
4812022,Smoky Lake County,2006,Cropland (Acres),Barley,Acres,27693.00000
4812022,Smoky Lake County,2011,Cropland (Acres),Barley,Acres,22299.00000
4812022,Smoky Lake County,2016,Cropland (Acres),Barley,Acres,21149.00000
4819071,Peace No. 135,2006,Cropland (Acres),Barley,Acres,8875.00000
4819071,Peace No. 135,2011,Cropland (Acres),Barley,Acres,4399.00000
4819071,Peace No. 135,2016,Cropland (Acres),Barley,Acres,3559.00000
4815007,Crowsnest Pass,2006,Cropland (Acres),Barley,Acres,0.00000
4815015,Bighorn No. 8,2006,Cropland (Acres),Barley,Acres,0.00000
4815015,Bighorn No. 8,2011,Cropland (Acres),Barley,Acres
4815015,Bighorn No. 8,2016,Cropland (Acres),Barley,Acres
4815037,Improvement District No. 12 Jasper Park,2011,Cropland (Acres),Barley,Acres,0.00000
4815037,Improvement District No. 12 Jasper Park,2016,Cropland (Acres),Barley,Acres,0.00000
4815045,Ranchland No. 66,2006,Cropland (Acres),Barley,Acres,435.00000
4815045,Ranchland No. 66,2011,Cropland (Acres),Barley,Acres
4815045,Ranchland No. 66,2016,Cropland (Acres),Barley,Acres
4816037,Wood Buffalo,2016,Cropland (Acres),Barley,Acres
4816051,Improvement District No. 24 Wood Buffalo,2016,Cropland (Acres),Barley,Acres,0.00000
4811012,Leduc County,2006,Cropland (Acres),Barley,Acres,57622.00000
4811012,Leduc County,2011,Cropland (Acres),Barley,Acres,58694.00000
4811012,Leduc County,2016,Cropland (Acres),Barley,Acres,59886.00000
4811001,Wetaskiwin County No. 10,2006,Cropland (Acres),Barley,Acres,57716.00000
4811001,Wetaskiwin County No. 10,2011,Cropland (Acres),Barley,Acres,58086.00000
4811001,Wetaskiwin County No. 10,2016,Cropland (Acres),Barley,Acres,50575.00000
4817076,Northern Lights County,2006,Cropland (Acres),Barley,Acres,32248.00000
4817076,Northern Lights County,2011,Cropland (Acres),Barley,Acres,27939.00000
4817076,Northern Lights County,2016,Cropland (Acres),Barley,Acres,31541.00000
4813036,Thorhild County,2006,Cropland (Acres),Barley,Acres,27139.00000
4813036,Thorhild County,2011,Cropland (Acres),Barley,Acres,29643.00000
4813036,Thorhild County,2016,Cropland (Acres),Barley,Acres,24892.00000
4813044,Athabasca County,2006,Cropland (Acres),Barley,Acres,31296.00000
4813044,Athabasca County,2011,Cropland (Acres),Barley,Acres,20262.00000
4813044,Athabasca County,2016,Cropland (Acres),Barley,Acres,25195.00000
4817033,Lesser Slave River No.124,2006,Cropland (Acres),Barley,Acres,2509.00000
4817033,Lesser Slave River No.124,2011,Cropland (Acres),Barley,Acres,2779.00000
4817033,Lesser Slave River No.124,2016,Cropland (Acres),Barley,Acres,2039.00000
4810058,Lamont County,2006,Cropland (Acres),Barley,Acres,61059.00000
4810058,Lamont County,2011,Cropland (Acres),Barley,Acres,58110.00000
4810058,Lamont County,2016,Cropland (Acres),Barley,Acres,54113.00000
4810048,Two Hills County No. 21,2006,Cropland (Acres),Barley,Acres,60984.00000
4810048,Two Hills County No. 21,2011,Cropland (Acres),Barley,Acres,50189.00000
4810048,Two Hills County No. 21,2016,Cropland (Acres),Barley,Acres,49496.00000
4814003,Yellowhead County,2006,Cropland (Acres),Barley,Acres,17575.00000
4814003,Yellowhead County,2011,Cropland (Acres),Barley,Acres,15790.00000
4814003,Yellowhead County,2016,Cropland (Acres),Barley,Acres
4805031,Starland County,2006,Cropland (Acres),Canola,Acres,69750.00000
4805031,Starland County,2011,Cropland (Acres),Canola,Acres,105159.00000
4805031,Starland County,2016,Cropland (Acres),Canola,Acres,116519.00000
4805041,Kneehill County,2006,Cropland (Acres),Canola,Acres,133570.00000
4805041,Kneehill County,2011,Cropland (Acres),Canola,Acres,195722.00000
4805041,Kneehill County,2016,Cropland (Acres),Canola,Acres,202121.00000
4802001,Warner County No. 5,2006,Cropland (Acres),Canola,Acres,40073.00000
4802001,Warner County No. 5,2011,Cropland (Acres),Canola,Acres,108563.00000
4802001,Warner County No. 5,2016,Cropland (Acres),Canola,Acres,100211.00000
4807049,Wainwright No. 61,2006,Cropland (Acres),Canola,Acres,83550.00000
4807049,Wainwright No. 61,2011,Cropland (Acres),Canola,Acres,131156.00000
4807049,Wainwright No. 61,2016,Cropland (Acres),Canola,Acres,159385.00000
4808001,Red Deer County,2006,Cropland (Acres),Canola,Acres,88992.00000
4808001,Red Deer County,2011,Cropland (Acres),Canola,Acres,133735.00000
4808001,Red Deer County,2016,Cropland (Acres),Canola,Acres,143988.00000
4805012,Wheatland County,2006,Cropland (Acres),Canola,Acres,130052.00000
4805012,Wheatland County,2011,Cropland (Acres),Canola,Acres,223051.00000
4805012,Wheatland County,2016,Cropland (Acres),Canola,Acres,217644.00000
4807019,Stettler County No. 6,2006,Cropland (Acres),Canola,Acres,79371.00000
4807019,Stettler County No. 6,2011,Cropland (Acres),Canola,Acres,102088.00000
4807019,Stettler County No. 6,2016,Cropland (Acres),Canola,Acres,106584.00000
4808022,Lacombe County,2006,Cropland (Acres),Canola,Acres,77614.00000
4808022,Lacombe County,2011,Cropland (Acres),Canola,Acres,117265.00000
4808022,Lacombe County,2016,Cropland (Acres),Canola,Acres,101977.00000
4807031,Flagstaff County,2006,Cropland (Acres),Canola,Acres,179370.00000
4807031,Flagstaff County,2011,Cropland (Acres),Canola,Acres,217256.00000
4807031,Flagstaff County,2016,Cropland (Acres),Canola,Acres,233293.00000
4807011,Paintearth County No. 18,2006,Cropland (Acres),Canola,Acres,47743.00000
4807011,Paintearth County No. 18,2011,Cropland (Acres),Canola,Acres,76064.00000
4807011,Paintearth County No. 18,2016,Cropland (Acres),Canola,Acres,70944.00000
4810001,Camrose County,2006,Cropland (Acres),Canola,Acres,178573.00000
4810001,Camrose County,2011,Cropland (Acres),Canola,Acres,210204.00000
4810001,Camrose County,2016,Cropland (Acres),Canola,Acres,216301.00000
4811061,Edmonton,2006,Cropland (Acres),Canola,Acres,12897.00000
4811061,Edmonton,2011,Cropland (Acres),Canola,Acres,3487.00000
4811061,Edmonton,2016,Cropland (Acres),Canola,Acres,9156.00000
4803001,Cardston County,2006,Cropland (Acres),Canola,Acres,37725.00000
4803001,Cardston County,2011,Cropland (Acres),Canola,Acres,76331.00000
4803001,Cardston County,2016,Cropland (Acres),Canola,Acres,93718.00000
4802031,Newell County,2006,Cropland (Acres),Canola,Acres,26957.00000
4802031,Newell County,2011,Cropland (Acres),Canola,Acres,68625.00000
4802031,Newell County,2016,Cropland (Acres),Canola,Acres,53292.00000
4808038,Ponoka County,2006,Cropland (Acres),Canola,Acres,38611.00000
4808038,Ponoka County,2011,Cropland (Acres),Canola,Acres,65205.00000
4808038,Ponoka County,2016,Cropland (Acres),Canola,Acres,84821.00000
4812037,Lac la Biche County,2006,Cropland (Acres),Canola,Acres,3545.00000
4812037,Lac la Biche County,2011,Cropland (Acres),Canola,Acres,15307.00000
4812037,Lac la Biche County,2016,Cropland (Acres),Canola,Acres,18391.00000
4809002,Clearwater County,2006,Cropland (Acres),Canola,Acres,4848.00000
4809002,Clearwater County,2011,Cropland (Acres),Canola,Acres,7446.00000
4809002,Clearwater County,2016,Cropland (Acres),Canola,Acres,7969.00000
4810026,Minburn County No. 27,2006,Cropland (Acres),Canola,Acres,141092.00000
4810026,Minburn County No. 27,2011,Cropland (Acres),Canola,Acres,180019.00000
4810026,Minburn County No. 27,2016,Cropland (Acres),Canola,Acres,191190.00000
4813028,Westlock County,2006,Cropland (Acres),Canola,Acres,92381.00000
4813028,Westlock County,2011,Cropland (Acres),Canola,Acres,133101.00000
4813028,Westlock County,2016,Cropland (Acres),Canola,Acres,148854.00000
4813029,Woodlands County,2006,Cropland (Acres),Canola,Acres,2460.00000
4813029,Woodlands County,2011,Cropland (Acres),Canola,Acres,8818.00000
4813029,Woodlands County,2016,Cropland (Acres),Canola,Acres,7116.00000
4813018,Barrhead County No. 11,2006,Cropland (Acres),Canola,Acres,44370.00000
4813018,Barrhead County No. 11,2011,Cropland (Acres),Canola,Acres,88349.00000
4813018,Barrhead County No. 11,2016,Cropland (Acres),Canola,Acres,92394.00000
4810016,Beaver County,2006,Cropland (Acres),Canola,Acres,121568.00000
4810016,Beaver County,2011,Cropland (Acres),Canola,Acres,160492.00000
4810016,Beaver County,2016,Cropland (Acres),Canola,Acres,164325.00000
4801008,Forty Mile County No. 8,2006,Cropland (Acres),Canola,Acres,20058.00000
4801008,Forty Mile County No. 8,2011,Cropland (Acres),Canola,Acres,92867.00000
4801008,Forty Mile County No. 8,2016,Cropland (Acres),Canola,Acres,77825.00000
4801003,Cypress County,2006,Cropland (Acres),Canola,Acres,28149.00000
4801003,Cypress County,2011,Cropland (Acres),Canola,Acres,53525.00000
4801003,Cypress County,2016,Cropland (Acres),Canola,Acres,37417.00000
4803018,Willow Creek No. 26,2006,Cropland (Acres),Canola,Acres,31953.00000
4803018,Willow Creek No. 26,2011,Cropland (Acres),Canola,Acres,74444.00000
4803018,Willow Creek No. 26,2016,Cropland (Acres),Canola,Acres,75372.00000
4802011,Lethbridge County,2006,Cropland (Acres),Canola,Acres,37080.00000
4802011,Lethbridge County,2011,Cropland (Acres),Canola,Acres,101032.00000
4802011,Lethbridge County,2016,Cropland (Acres),Canola,Acres,90475.00000
4802021,"Taber, M.D.",2006,Cropland (Acres),Canola,Acres,43256.00000
4802021,"Taber, M.D.",2011,Cropland (Acres),Canola,Acres,105556.00000
4802021,"Taber, M.D.",2016,Cropland (Acres),Canola,Acres,80062.00000
4803011,Pincher Creek No. 9,2006,Cropland (Acres),Canola,Acres,2812.00000
4803011,Pincher Creek No. 9,2011,Cropland (Acres),Canola,Acres,31255.00000
4803011,Pincher Creek No. 9,2016,Cropland (Acres),Canola,Acres
4804004,Special Area No. 2,2006,Cropland (Acres),Canola,Acres,7239.00000
4804004,Special Area No. 2,2011,Cropland (Acres),Canola,Acres,25072.00000
4804004,Special Area No. 2,2016,Cropland (Acres),Canola,Acres,30642.00000
4804012,Special Area No. 3,2006,Cropland (Acres),Canola,Acres,18099.00000
4804012,Special Area No. 3,2011,Cropland (Acres),Canola,Acres,32161.00000
4804012,Special Area No. 3,2016,Cropland (Acres),Canola,Acres,33974.00000
4804020,Special Area No. 4,2006,Cropland (Acres),Canola,Acres,24763.00000
4804020,Special Area No. 4,2011,Cropland (Acres),Canola,Acres,43868.00000
4804020,Special Area No. 4,2016,Cropland (Acres),Canola,Acres,50934.00000
4805001,Vulcan County,2006,Cropland (Acres),Canola,Acres,117104.00000
4805001,Vulcan County,2011,Cropland (Acres),Canola,Acres,217742.00000
4805001,Vulcan County,2016,Cropland (Acres),Canola,Acres,235810.00000
4806001,Foothills No. 31,2006,Cropland (Acres),Canola,Acres,44092.00000
4806001,Foothills No. 31,2011,Cropland (Acres),Canola,Acres,84760.00000
4806001,Foothills No. 31,2016,Cropland (Acres),Canola,Acres,62144.00000
4806014,Rocky View County,2006,Cropland (Acres),Canola,Acres,74715.00000
4806014,Rocky View County,2011,Cropland (Acres),Canola,Acres,112343.00000
4806014,Rocky View County,2016,Cropland (Acres),Canola,Acres,106393.00000
4806016,Calgary,2006,Cropland (Acres),Canola,Acres,10007.00000
4806016,Calgary,2011,Cropland (Acres),Canola,Acres
4806016,Calgary,2016,Cropland (Acres),Canola,Acres,10837.00000
4806028,Mountain View County,2006,Cropland (Acres),Canola,Acres,64664.00000
4806028,Mountain View County,2011,Cropland (Acres),Canola,Acres,98166.00000
4806028,Mountain View County,2016,Cropland (Acres),Canola,Acres,101016.00000
4807001,Provost No. 52,2006,Cropland (Acres),Canola,Acres,44704.00000
4807001,Provost No. 52,2011,Cropland (Acres),Canola,Acres,84615.00000
4807001,Provost No. 52,2016,Cropland (Acres),Canola,Acres,91104.00000
4819041,Smoky River No. 130,2006,Cropland (Acres),Canola,Acres,188904.00000
4819041,Smoky River No. 130,2011,Cropland (Acres),Canola,Acres,242057.00000
4819041,Smoky River No. 130,2016,Cropland (Acres),Canola,Acres,259729.00000
4810036,Vermilion River County,2006,Cropland (Acres),Canola,Acres,171363.00000
4810036,Vermilion River County,2011,Cropland (Acres),Canola,Acres,240382.00000
4810036,Vermilion River County,2016,Cropland (Acres),Canola,Acres,255773.00000
4817026,Northern Sunrise County,2006,Cropland (Acres),Canola,Acres,55969.00000
4817026,Northern Sunrise County,2011,Cropland (Acres),Canola,Acres,61622.00000
4817026,Northern Sunrise County,2016,Cropland (Acres),Canola,Acres,71533.00000
4817027,Big Lakes County,2006,Cropland (Acres),Canola,Acres,17631.00000
4817027,Big Lakes County,2011,Cropland (Acres),Canola,Acres,43606.00000
4817027,Big Lakes County,2016,Cropland (Acres),Canola,Acres,38843.00000
4813001,Lac Ste. Anne County,2006,Cropland (Acres),Canola,Acres,11292.00000
4813001,Lac Ste. Anne County,2011,Cropland (Acres),Canola,Acres,33114.00000
4813001,Lac Ste. Anne County,2016,Cropland (Acres),Canola,Acres,27263.00000
4819049,Birch Hills County,2006,Cropland (Acres),Canola,Acres,112608.00000
4819049,Birch Hills County,2011,Cropland (Acres),Canola,Acres,148882.00000
4819049,Birch Hills County,2016,Cropland (Acres),Canola,Acres,149018.00000
4819054,Spirit River No. 133,2006,Cropland (Acres),Canola,Acres,38067.00000
4819054,Spirit River No. 133,2011,Cropland (Acres),Canola,Acres,22441.00000
4819054,Spirit River No. 133,2016,Cropland (Acres),Canola,Acres,45252.00000
4819059,Saddle Hills County,2006,Cropland (Acres),Canola,Acres,58541.00000
4819059,Saddle Hills County,2011,Cropland (Acres),Canola,Acres,83799.00000
4819059,Saddle Hills County,2016,Cropland (Acres),Canola,Acres,78833.00000
4819066,Fairview No. 136,2006,Cropland (Acres),Canola,Acres,61853.00000
4819066,Fairview No. 136,2011,Cropland (Acres),Canola,Acres,84072.00000
4819066,Fairview No. 136,2016,Cropland (Acres),Canola,Acres,99265.00000
4811032,Brazeau County,2006,Cropland (Acres),Canola,Acres,943.00000
4811032,Brazeau County,2011,Cropland (Acres),Canola,Acres,1912.00000
4811032,Brazeau County,2016,Cropland (Acres),Canola,Acres,557.00000
4811034,Parkland County,2006,Cropland (Acres),Canola,Acres,31659.00000
4811034,Parkland County,2011,Cropland (Acres),Canola,Acres,36667.00000
4811034,Parkland County,2016,Cropland (Acres),Canola,Acres,35114.00000
4811052,Strathcona County,2006,Cropland (Acres),Canola,Acres,44918.00000
4811052,Strathcona County,2011,Cropland (Acres),Canola,Acres,48540.00000
4811052,Strathcona County,2016,Cropland (Acres),Canola,Acres,52916.00000
4811059,Sturgeon County,2006,Cropland (Acres),Canola,Acres,111367.00000
4811059,Sturgeon County,2011,Cropland (Acres),Canola,Acres,130518.00000
4811059,Sturgeon County,2016,Cropland (Acres),Canola,Acres,129182.00000
4817095,Mackenzie County,2006,Cropland (Acres),Canola,Acres,100564.00000
4817095,Mackenzie County,2011,Cropland (Acres),Canola,Acres,141523.00000
4817095,Mackenzie County,2016,Cropland (Acres),Canola,Acres,118761.00000
4817062,Clear Hills,2006,Cropland (Acres),Canola,Acres,55288.00000
4817062,Clear Hills,2011,Cropland (Acres),Canola,Acres,60658.00000
4817062,Clear Hills,2016,Cropland (Acres),Canola,Acres,43061.00000
4818015,Greenview No. 16,2006,Cropland (Acres),Canola,Acres,38958.00000
4818015,Greenview No. 16,2011,Cropland (Acres),Canola,Acres,58023.00000
4818015,Greenview No. 16,2016,Cropland (Acres),Canola,Acres,79474.00000
4819006,Grande Prairie County No. 1,2006,Cropland (Acres),Canola,Acres,122493.00000
4819006,Grande Prairie County No. 1,2011,Cropland (Acres),Canola,Acres,131961.00000
4819006,Grande Prairie County No. 1,2016,Cropland (Acres),Canola,Acres,156661.00000
4812004,Bonnyville No. 87,2006,Cropland (Acres),Canola,Acres,23265.00000
4812004,Bonnyville No. 87,2011,Cropland (Acres),Canola,Acres,42233.00000
4812004,Bonnyville No. 87,2016,Cropland (Acres),Canola,Acres,37579.00000
4812014,St. Paul County No. 19,2006,Cropland (Acres),Canola,Acres,46355.00000
4812014,St. Paul County No. 19,2011,Cropland (Acres),Canola,Acres,71989.00000
4812014,St. Paul County No. 19,2016,Cropland (Acres),Canola,Acres,63380.00000
4812022,Smoky Lake County,2006,Cropland (Acres),Canola,Acres,48063.00000
4812022,Smoky Lake County,2011,Cropland (Acres),Canola,Acres,60132.00000
4812022,Smoky Lake County,2016,Cropland (Acres),Canola,Acres,65327.00000
4819071,Peace No. 135,2006,Cropland (Acres),Canola,Acres,33361.00000
4819071,Peace No. 135,2011,Cropland (Acres),Canola,Acres,37768.00000
4819071,Peace No. 135,2016,Cropland (Acres),Canola,Acres,35335.00000
4815007,Crowsnest Pass,2006,Cropland (Acres),Canola,Acres,0.00000
4815015,Bighorn No. 8,2006,Cropland (Acres),Canola,Acres,0.00000
4815015,Bighorn No. 8,2011,Cropland (Acres),Canola,Acres
4815015,Bighorn No. 8,2016,Cropland (Acres),Canola,Acres,0.00000
4815037,Improvement District No. 12 Jasper Park,2011,Cropland (Acres),Canola,Acres,0.00000
4815037,Improvement District No. 12 Jasper Park,2016,Cropland (Acres),Canola,Acres,0.00000
4815045,Ranchland No. 66,2006,Cropland (Acres),Canola,Acres,0.00000
4815045,Ranchland No. 66,2011,Cropland (Acres),Canola,Acres,0.00000
4815045,Ranchland No. 66,2016,Cropland (Acres),Canola,Acres
4816037,Wood Buffalo,2016,Cropland (Acres),Canola,Acres
4816051,Improvement District No. 24 Wood Buffalo,2016,Cropland (Acres),Canola,Acres,0.00000
4811012,Leduc County,2006,Cropland (Acres),Canola,Acres,71071.00000
4811012,Leduc County,2011,Cropland (Acres),Canola,Acres,95746.00000
4811012,Leduc County,2016,Cropland (Acres),Canola,Acres,81322.00000
4811001,Wetaskiwin County No. 10,2006,Cropland (Acres),Canola,Acres,73507.00000
4811001,Wetaskiwin County No. 10,2011,Cropland (Acres),Canola,Acres,75921.00000
4811001,Wetaskiwin County No. 10,2016,Cropland (Acres),Canola,Acres,83461.00000
4817076,Northern Lights County,2006,Cropland (Acres),Canola,Acres,76673.00000
4817076,Northern Lights County,2011,Cropland (Acres),Canola,Acres,109714.00000
4817076,Northern Lights County,2016,Cropland (Acres),Canola,Acres,109552.00000
4813036,Thorhild County,2006,Cropland (Acres),Canola,Acres,35022.00000
4813036,Thorhild County,2011,Cropland (Acres),Canola,Acres,60378.00000
4813036,Thorhild County,2016,Cropland (Acres),Canola,Acres,59559.00000
4813044,Athabasca County,2006,Cropland (Acres),Canola,Acres,47913.00000
4813044,Athabasca County,2011,Cropland (Acres),Canola,Acres,75721.00000
4813044,Athabasca County,2016,Cropland (Acres),Canola,Acres,68885.00000
4817033,Lesser Slave River No.124,2006,Cropland (Acres),Canola,Acres,1821.00000
4817033,Lesser Slave River No.124,2011,Cropland (Acres),Canola,Acres,4337.00000
4817033,Lesser Slave River No.124,2016,Cropland (Acres),Canola,Acres,7849.00000
4810058,Lamont County,2006,Cropland (Acres),Canola,Acres,100493.00000
4810058,Lamont County,2011,Cropland (Acres),Canola,Acres,137199.00000
4810058,Lamont County,2016,Cropland (Acres),Canola,Acres,133493.00000
4810048,Two Hills County No. 21,2006,Cropland (Acres),Canola,Acres,78835.00000
4810048,Two Hills County No. 21,2011,Cropland (Acres),Canola,Acres,120846.00000
4810048,Two Hills County No. 21,2016,Cropland (Acres),Canola,Acres,109723.00000
4814003,Yellowhead County,2006,Cropland (Acres),Canola,Acres,5907.00000
4814003,Yellowhead County,2011,Cropland (Acres),Canola,Acres,16598.00000
4814003,Yellowhead County,2016,Cropland (Acres),Canola,Acres
4805031,Starland County,2006,Cropland (Acres),Durum Wheat,Acres,1360.00000
4805031,Starland County,2011,Cropland (Acres),Durum Wheat,Acres
4805031,Starland County,2016,Cropland (Acres),Durum Wheat,Acres,1380.00000
4805041,Kneehill County,2006,Cropland (Acres),Durum Wheat,Acres,4926.00000
4805041,Kneehill County,2011,Cropland (Acres),Durum Wheat,Acres
4805041,Kneehill County,2016,Cropland (Acres),Durum Wheat,Acres,6923.00000
4802001,Warner County No. 5,2006,Cropland (Acres),Durum Wheat,Acres,112156.00000
4802001,Warner County No. 5,2011,Cropland (Acres),Durum Wheat,Acres,106717.00000
4802001,Warner County No. 5,2016,Cropland (Acres),Durum Wheat,Acres,182024.00000
4807049,Wainwright No. 61,2006,Cropland (Acres),Durum Wheat,Acres
4807049,Wainwright No. 61,2011,Cropland (Acres),Durum Wheat,Acres
4807049,Wainwright No. 61,2016,Cropland (Acres),Durum Wheat,Acres
4808001,Red Deer County,2006,Cropland (Acres),Durum Wheat,Acres,2130.00000
4808001,Red Deer County,2011,Cropland (Acres),Durum Wheat,Acres,881.00000
4808001,Red Deer County,2016,Cropland (Acres),Durum Wheat,Acres,8236.00000
4805012,Wheatland County,2006,Cropland (Acres),Durum Wheat,Acres,5924.00000
4805012,Wheatland County,2011,Cropland (Acres),Durum Wheat,Acres,818.00000
4805012,Wheatland County,2016,Cropland (Acres),Durum Wheat,Acres,10261.00000
4807019,Stettler County No. 6,2006,Cropland (Acres),Durum Wheat,Acres
4807019,Stettler County No. 6,2011,Cropland (Acres),Durum Wheat,Acres,1717.00000
4807019,Stettler County No. 6,2016,Cropland (Acres),Durum Wheat,Acres
4808022,Lacombe County,2006,Cropland (Acres),Durum Wheat,Acres,1091.00000
4808022,Lacombe County,2011,Cropland (Acres),Durum Wheat,Acres,1249.00000
4808022,Lacombe County,2016,Cropland (Acres),Durum Wheat,Acres,7535.00000
4807031,Flagstaff County,2006,Cropland (Acres),Durum Wheat,Acres
4807031,Flagstaff County,2011,Cropland (Acres),Durum Wheat,Acres
4807031,Flagstaff County,2016,Cropland (Acres),Durum Wheat,Acres
4807011,Paintearth County No. 18,2006,Cropland (Acres),Durum Wheat,Acres,1268.00000
4807011,Paintearth County No. 18,2011,Cropland (Acres),Durum Wheat,Acres,1210.00000
4807011,Paintearth County No. 18,2016,Cropland (Acres),Durum Wheat,Acres
4810001,Camrose County,2006,Cropland (Acres),Durum Wheat,Acres,1128.00000
4810001,Camrose County,2011,Cropland (Acres),Durum Wheat,Acres,4655.00000
4810001,Camrose County,2016,Cropland (Acres),Durum Wheat,Acres
4811061,Edmonton,2006,Cropland (Acres),Durum Wheat,Acres
4811061,Edmonton,2011,Cropland (Acres),Durum Wheat,Acres
4811061,Edmonton,2016,Cropland (Acres),Durum Wheat,Acres
4803001,Cardston County,2006,Cropland (Acres),Durum Wheat,Acres,8898.00000
4803001,Cardston County,2011,Cropland (Acres),Durum Wheat,Acres,7809.00000
4803001,Cardston County,2016,Cropland (Acres),Durum Wheat,Acres,23787.00000
4802031,Newell County,2006,Cropland (Acres),Durum Wheat,Acres,2365.00000
4802031,Newell County,2011,Cropland (Acres),Durum Wheat,Acres,2519.00000
4802031,Newell County,2016,Cropland (Acres),Durum Wheat,Acres,17640.00000
4808038,Ponoka County,2006,Cropland (Acres),Durum Wheat,Acres
4808038,Ponoka County,2011,Cropland (Acres),Durum Wheat,Acres,1105.00000
4808038,Ponoka County,2016,Cropland (Acres),Durum Wheat,Acres,6894.00000
4812037,Lac la Biche County,2006,Cropland (Acres),Durum Wheat,Acres,0.00000
4812037,Lac la Biche County,2011,Cropland (Acres),Durum Wheat,Acres
4812037,Lac la Biche County,2016,Cropland (Acres),Durum Wheat,Acres
4809002,Clearwater County,2006,Cropland (Acres),Durum Wheat,Acres
4809002,Clearwater County,2011,Cropland (Acres),Durum Wheat,Acres,0.00000
4809002,Clearwater County,2016,Cropland (Acres),Durum Wheat,Acres
4810026,Minburn County No. 27,2006,Cropland (Acres),Durum Wheat,Acres
4810026,Minburn County No. 27,2011,Cropland (Acres),Durum Wheat,Acres
4810026,Minburn County No. 27,2016,Cropland (Acres),Durum Wheat,Acres
4813028,Westlock County,2006,Cropland (Acres),Durum Wheat,Acres
4813028,Westlock County,2011,Cropland (Acres),Durum Wheat,Acres
4813028,Westlock County,2016,Cropland (Acres),Durum Wheat,Acres,2913.00000
4813029,Woodlands County,2006,Cropland (Acres),Durum Wheat,Acres,0.00000
4813029,Woodlands County,2011,Cropland (Acres),Durum Wheat,Acres
4813029,Woodlands County,2016,Cropland (Acres),Durum Wheat,Acres
4813018,Barrhead County No. 11,2006,Cropland (Acres),Durum Wheat,Acres
4813018,Barrhead County No. 11,2011,Cropland (Acres),Durum Wheat,Acres,491.00000
4813018,Barrhead County No. 11,2016,Cropland (Acres),Durum Wheat,Acres,1007.00000
4810016,Beaver County,2006,Cropland (Acres),Durum Wheat,Acres
4810016,Beaver County,2011,Cropland (Acres),Durum Wheat,Acres
4810016,Beaver County,2016,Cropland (Acres),Durum Wheat,Acres,2227.00000
4801008,Forty Mile County No. 8,2006,Cropland (Acres),Durum Wheat,Acres,114052.00000
4801008,Forty Mile County No. 8,2011,Cropland (Acres),Durum Wheat,Acres,118983.00000
4801008,Forty Mile County No. 8,2016,Cropland (Acres),Durum Wheat,Acres,237277.00000
4801003,Cypress County,2006,Cropland (Acres),Durum Wheat,Acres,38536.00000
4801003,Cypress County,2011,Cropland (Acres),Durum Wheat,Acres,29400.00000
4801003,Cypress County,2016,Cropland (Acres),Durum Wheat,Acres,68672.00000
4803018,Willow Creek No. 26,2006,Cropland (Acres),Durum Wheat,Acres,21233.00000
4803018,Willow Creek No. 26,2011,Cropland (Acres),Durum Wheat,Acres
4803018,Willow Creek No. 26,2016,Cropland (Acres),Durum Wheat,Acres,30403.00000
4802011,Lethbridge County,2006,Cropland (Acres),Durum Wheat,Acres,37379.00000
4802011,Lethbridge County,2011,Cropland (Acres),Durum Wheat,Acres,24539.00000
4802011,Lethbridge County,2016,Cropland (Acres),Durum Wheat,Acres,61816.00000
4802021,"Taber, M.D.",2006,Cropland (Acres),Durum Wheat,Acres,51009.00000
4802021,"Taber, M.D.",2011,Cropland (Acres),Durum Wheat,Acres,52433.00000
4802021,"Taber, M.D.",2016,Cropland (Acres),Durum Wheat,Acres,85866.00000
4803011,Pincher Creek No. 9,2006,Cropland (Acres),Durum Wheat,Acres,0.00000
4803011,Pincher Creek No. 9,2011,Cropland (Acres),Durum Wheat,Acres
4803011,Pincher Creek No. 9,2016,Cropland (Acres),Durum Wheat,Acres,0.00000
4804004,Special Area No. 2,2006,Cropland (Acres),Durum Wheat,Acres
4804004,Special Area No. 2,2011,Cropland (Acres),Durum Wheat,Acres,13873.00000
4804004,Special Area No. 2,2016,Cropland (Acres),Durum Wheat,Acres
4804012,Special Area No. 3,2006,Cropland (Acres),Durum Wheat,Acres,49550.00000
4804012,Special Area No. 3,2011,Cropland (Acres),Durum Wheat,Acres,54979.00000
4804012,Special Area No. 3,2016,Cropland (Acres),Durum Wheat,Acres,123904.00000
4804020,Special Area No. 4,2006,Cropland (Acres),Durum Wheat,Acres
4804020,Special Area No. 4,2011,Cropland (Acres),Durum Wheat,Acres,2002.00000
4804020,Special Area No. 4,2016,Cropland (Acres),Durum Wheat,Acres
4805001,Vulcan County,2006,Cropland (Acres),Durum Wheat,Acres,60866.00000
4805001,Vulcan County,2011,Cropland (Acres),Durum Wheat,Acres,45519.00000
4805001,Vulcan County,2016,Cropland (Acres),Durum Wheat,Acres,122487.00000
4806001,Foothills No. 31,2006,Cropland (Acres),Durum Wheat,Acres
4806001,Foothills No. 31,2011,Cropland (Acres),Durum Wheat,Acres,4243.00000
4806001,Foothills No. 31,2016,Cropland (Acres),Durum Wheat,Acres,1995.00000
4806014,Rocky View County,2006,Cropland (Acres),Durum Wheat,Acres,560.00000
4806014,Rocky View County,2011,Cropland (Acres),Durum Wheat,Acres,4102.00000
4806014,Rocky View County,2016,Cropland (Acres),Durum Wheat,Acres,3950.00000
4806016,Calgary,2006,Cropland (Acres),Durum Wheat,Acres,660.00000
4806016,Calgary,2011,Cropland (Acres),Durum Wheat,Acres,0.00000
4806016,Calgary,2016,Cropland (Acres),Durum Wheat,Acres
4806028,Mountain View County,2006,Cropland (Acres),Durum Wheat,Acres,710.00000
4806028,Mountain View County,2011,Cropland (Acres),Durum Wheat,Acres,1269.00000
4806028,Mountain View County,2016,Cropland (Acres),Durum Wheat,Acres,1488.00000
4807001,Provost No. 52,2006,Cropland (Acres),Durum Wheat,Acres,7354.00000
4807001,Provost No. 52,2011,Cropland (Acres),Durum Wheat,Acres,2570.00000
4807001,Provost No. 52,2016,Cropland (Acres),Durum Wheat,Acres,5797.00000
4819041,Smoky River No. 130,2006,Cropland (Acres),Durum Wheat,Acres
4819041,Smoky River No. 130,2011,Cropland (Acres),Durum Wheat,Acres
4819041,Smoky River No. 130,2016,Cropland (Acres),Durum Wheat,Acres
4810036,Vermilion River County,2006,Cropland (Acres),Durum Wheat,Acres,1140.00000
4810036,Vermilion River County,2011,Cropland (Acres),Durum Wheat,Acres
4810036,Vermilion River County,2016,Cropland (Acres),Durum Wheat,Acres,1548.00000
4817026,Northern Sunrise County,2006,Cropland (Acres),Durum Wheat,Acres,1490.00000
4817026,Northern Sunrise County,2011,Cropland (Acres),Durum Wheat,Acres
4817026,Northern Sunrise County,2016,Cropland (Acres),Durum Wheat,Acres
4817027,Big Lakes County,2006,Cropland (Acres),Durum Wheat,Acres,0.00000
4817027,Big Lakes County,2011,Cropland (Acres),Durum Wheat,Acres
4817027,Big Lakes County,2016,Cropland (Acres),Durum Wheat,Acres
4813001,Lac Ste. Anne County,2006,Cropland (Acres),Durum Wheat,Acres
4813001,Lac Ste. Anne County,2011,Cropland (Acres),Durum Wheat,Acres,320.00000
4813001,Lac Ste. Anne County,2016,Cropland (Acres),Durum Wheat,Acres
4819049,Birch Hills County,2006,Cropland (Acres),Durum Wheat,Acres
4819049,Birch Hills County,2011,Cropland (Acres),Durum Wheat,Acres
4819049,Birch Hills County,2016,Cropland (Acres),Durum Wheat,Acres
4819054,Spirit River No. 133,2006,Cropland (Acres),Durum Wheat,Acres
4819054,Spirit River No. 133,2011,Cropland (Acres),Durum Wheat,Acres,0.00000
4819054,Spirit River No. 133,2016,Cropland (Acres),Durum Wheat,Acres
4819059,Saddle Hills County,2006,Cropland (Acres),Durum Wheat,Acres
4819059,Saddle Hills County,2011,Cropland (Acres),Durum Wheat,Acres,960.00000
4819059,Saddle Hills County,2016,Cropland (Acres),Durum Wheat,Acres
4819066,Fairview No. 136,2006,Cropland (Acres),Durum Wheat,Acres
4819066,Fairview No. 136,2011,Cropland (Acres),Durum Wheat,Acres
4819066,Fairview No. 136,2016,Cropland (Acres),Durum Wheat,Acres
4811032,Brazeau County,2006,Cropland (Acres),Durum Wheat,Acres,0.00000
4811032,Brazeau County,2011,Cropland (Acres),Durum Wheat,Acres,0.00000
4811032,Brazeau County,2016,Cropland (Acres),Durum Wheat,Acres,0.00000
4811034,Parkland County,2006,Cropland (Acres),Durum Wheat,Acres,0.00000
4811034,Parkland County,2011,Cropland (Acres),Durum Wheat,Acres
4811034,Parkland County,2016,Cropland (Acres),Durum Wheat,Acres
4811052,Strathcona County,2006,Cropland (Acres),Durum Wheat,Acres
4811052,Strathcona County,2011,Cropland (Acres),Durum Wheat,Acres
4811052,Strathcona County,2016,Cropland (Acres),Durum Wheat,Acres
4811059,Sturgeon County,2006,Cropland (Acres),Durum Wheat,Acres
4811059,Sturgeon County,2011,Cropland (Acres),Durum Wheat,Acres,3022.00000
4811059,Sturgeon County,2016,Cropland (Acres),Durum Wheat,Acres,1877.00000
4817095,Mackenzie County,2006,Cropland (Acres),Durum Wheat,Acres,1194.00000
4817095,Mackenzie County,2011,Cropland (Acres),Durum Wheat,Acres,1096.00000
4817095,Mackenzie County,2016,Cropland (Acres),Durum Wheat,Acres,909.00000
4817062,Clear Hills,2006,Cropland (Acres),Durum Wheat,Acres
4817062,Clear Hills,2011,Cropland (Acres),Durum Wheat,Acres,1038.00000
4817062,Clear Hills,2016,Cropland (Acres),Durum Wheat,Acres,2876.00000
4818015,Greenview No. 16,2006,Cropland (Acres),Durum Wheat,Acres,0.00000
4818015,Greenview No. 16,2011,Cropland (Acres),Durum Wheat,Acres,2802.00000
4818015,Greenview No. 16,2016,Cropland (Acres),Durum Wheat,Acres
4819006,Grande Prairie County No. 1,2006,Cropland (Acres),Durum Wheat,Acres,2752.00000
4819006,Grande Prairie County No. 1,2011,Cropland (Acres),Durum Wheat,Acres,1351.00000
4819006,Grande Prairie County No. 1,2016,Cropland (Acres),Durum Wheat,Acres,2781.00000
4812004,Bonnyville No. 87,2006,Cropland (Acres),Durum Wheat,Acres,0.00000
4812004,Bonnyville No. 87,2011,Cropland (Acres),Durum Wheat,Acres,0.00000
4812004,Bonnyville No. 87,2016,Cropland (Acres),Durum Wheat,Acres,1338.00000
4812014,St. Paul County No. 19,2006,Cropland (Acres),Durum Wheat,Acres
4812014,St. Paul County No. 19,2011,Cropland (Acres),Durum Wheat,Acres,210.00000
4812014,St. Paul County No. 19,2016,Cropland (Acres),Durum Wheat,Acres,2935.00000
4812022,Smoky Lake County,2006,Cropland (Acres),Durum Wheat,Acres
4812022,Smoky Lake County,2011,Cropland (Acres),Durum Wheat,Acres,385.00000
4812022,Smoky Lake County,2016,Cropland (Acres),Durum Wheat,Acres,1447.00000
4819071,Peace No. 135,2006,Cropland (Acres),Durum Wheat,Acres
4819071,Peace No. 135,2011,Cropland (Acres),Durum Wheat,Acres
4819071,Peace No. 135,2016,Cropland (Acres),Durum Wheat,Acres
4815007,Crowsnest Pass,2006,Cropland (Acres),Durum Wheat,Acres,0.00000
4815015,Bighorn No. 8,2006,Cropland (Acres),Durum Wheat,Acres,0.00000
4815015,Bighorn No. 8,2011,Cropland (Acres),Durum Wheat,Acres,0.00000
4815015,Bighorn No. 8,2016,Cropland (Acres),Durum Wheat,Acres,0.00000
4815037,Improvement District No. 12 Jasper Park,2011,Cropland (Acres),Durum Wheat,Acres,0.00000
4815037,Improvement District No. 12 Jasper Park,2016,Cropland (Acres),Durum Wheat,Acres,0.00000
4815045,Ranchland No. 66,2006,Cropland (Acres),Durum Wheat,Acres
4815045,Ranchland No. 66,2011,Cropland (Acres),Durum Wheat,Acres,0.00000
4815045,Ranchland No. 66,2016,Cropland (Acres),Durum Wheat,Acres
4816037,Wood Buffalo,2016,Cropland (Acres),Durum Wheat,Acres,0.00000
4816051,Improvement District No. 24 Wood Buffalo,2016,Cropland (Acres),Durum Wheat,Acres,0.00000
4811012,Leduc County,2006,Cropland (Acres),Durum Wheat,Acres,740.00000
4811012,Leduc County,2011,Cropland (Acres),Durum Wheat,Acres,1943.00000
4811012,Leduc County,2016,Cropland (Acres),Durum Wheat,Acres
4811001,Wetaskiwin County No. 10,2006,Cropland (Acres),Durum Wheat,Acres,2950.00000
4811001,Wetaskiwin County No. 10,2011,Cropland (Acres),Durum Wheat,Acres
4811001,Wetaskiwin County No. 10,2016,Cropland (Acres),Durum Wheat,Acres,3159.00000
4817076,Northern Lights County,2006,Cropland (Acres),Durum Wheat,Acres
4817076,Northern Lights County,2011,Cropland (Acres),Durum Wheat,Acres
4817076,Northern Lights County,2016,Cropland (Acres),Durum Wheat,Acres
4813036,Thorhild County,2006,Cropland (Acres),Durum Wheat,Acres
4813036,Thorhild County,2011,Cropland (Acres),Durum Wheat,Acres,470.00000
4813036,Thorhild County,2016,Cropland (Acres),Durum Wheat,Acres
4813044,Athabasca County,2006,Cropland (Acres),Durum Wheat,Acres
4813044,Athabasca County,2011,Cropland (Acres),Durum Wheat,Acres
4813044,Athabasca County,2016,Cropland (Acres),Durum Wheat,Acres,1177.00000
4817033,Lesser Slave River No.124,2006,Cropland (Acres),Durum Wheat,Acres,0.00000
4817033,Lesser Slave River No.124,2011,Cropland (Acres),Durum Wheat,Acres,0.00000
4817033,Lesser Slave River No.124,2016,Cropland (Acres),Durum Wheat,Acres
4810058,Lamont County,2006,Cropland (Acres),Durum Wheat,Acres,636.00000
4810058,Lamont County,2011,Cropland (Acres),Durum Wheat,Acres
4810058,Lamont County,2016,Cropland (Acres),Durum Wheat,Acres
4810048,Two Hills County No. 21,2006,Cropland (Acres),Durum Wheat,Acres
4810048,Two Hills County No. 21,2011,Cropland (Acres),Durum Wheat,Acres
4810048,Two Hills County No. 21,2016,Cropland (Acres),Durum Wheat,Acres
4814003,Yellowhead County,2006,Cropland (Acres),Durum Wheat,Acres,0.00000
4814003,Yellowhead County,2011,Cropland (Acres),Durum Wheat,Acres
4814003,Yellowhead County,2016,Cropland (Acres),Durum Wheat,Acres
4805031,Starland County,2006,Cropland (Acres),Non-durum Wheat,Acres,183625.00000
4805031,Starland County,2011,Cropland (Acres),Non-durum Wheat,Acres,147156.00000
4805031,Starland County,2016,Cropland (Acres),Non-durum Wheat,Acres,132256.00000
4805041,Kneehill County,2006,Cropland (Acres),Non-durum Wheat,Acres,241344.00000
4805041,Kneehill County,2011,Cropland (Acres),Non-durum Wheat,Acres,212140.00000
4805041,Kneehill County,2016,Cropland (Acres),Non-durum Wheat,Acres,198770.00000
4802001,Warner County No. 5,2006,Cropland (Acres),Non-durum Wheat,Acres,163654.00000
4802001,Warner County No. 5,2011,Cropland (Acres),Non-durum Wheat,Acres,146251.00000
4802001,Warner County No. 5,2016,Cropland (Acres),Non-durum Wheat,Acres,93803.00000
4807049,Wainwright No. 61,2006,Cropland (Acres),Non-durum Wheat,Acres,141333.00000
4807049,Wainwright No. 61,2011,Cropland (Acres),Non-durum Wheat,Acres,0.00000
4807049,Wainwright No. 61,2016,Cropland (Acres),Non-durum Wheat,Acres,158395.00000
4808001,Red Deer County,2006,Cropland (Acres),Non-durum Wheat,Acres,76684.00000
4808001,Red Deer County,2011,Cropland (Acres),Non-durum Wheat,Acres,91880.00000
4808001,Red Deer County,2016,Cropland (Acres),Non-durum Wheat,Acres,129007.00000
4805012,Wheatland County,2006,Cropland (Acres),Non-durum Wheat,Acres,327719.00000
4805012,Wheatland County,2011,Cropland (Acres),Non-durum Wheat,Acres,289289.00000
4805012,Wheatland County,2016,Cropland (Acres),Non-durum Wheat,Acres,280172.00000
4807019,Stettler County No. 6,2006,Cropland (Acres),Non-durum Wheat,Acres,98440.00000
4807019,Stettler County No. 6,2011,Cropland (Acres),Non-durum Wheat,Acres,113649.00000
4807019,Stettler County No. 6,2016,Cropland (Acres),Non-durum Wheat,Acres,109308.00000
4808022,Lacombe County,2006,Cropland (Acres),Non-durum Wheat,Acres,0.00000
4808022,Lacombe County,2011,Cropland (Acres),Non-durum Wheat,Acres,73615.00000
4808022,Lacombe County,2016,Cropland (Acres),Non-durum Wheat,Acres,94059.00000
4807031,Flagstaff County,2006,Cropland (Acres),Non-durum Wheat,Acres,267887.00000
4807031,Flagstaff County,2011,Cropland (Acres),Non-durum Wheat,Acres,0.00000
4807031,Flagstaff County,2016,Cropland (Acres),Non-durum Wheat,Acres,251929.00000
4807011,Paintearth County No. 18,2006,Cropland (Acres),Non-durum Wheat,Acres,97682.00000
4807011,Paintearth County No. 18,2011,Cropland (Acres),Non-durum Wheat,Acres,96081.00000
4807011,Paintearth County No. 18,2016,Cropland (Acres),Non-durum Wheat,Acres,85454.00000
4810001,Camrose County,2006,Cropland (Acres),Non-durum Wheat,Acres,180634.00000
4810001,Camrose County,2011,Cropland (Acres),Non-durum Wheat,Acres,184681.00000
4810001,Camrose County,2016,Cropland (Acres),Non-durum Wheat,Acres,183430.00000
4811061,Edmonton,2006,Cropland (Acres),Non-durum Wheat,Acres,0.00000
4811061,Edmonton,2011,Cropland (Acres),Non-durum Wheat,Acres,0.00000
4811061,Edmonton,2016,Cropland (Acres),Non-durum Wheat,Acres,0.00000
4803001,Cardston County,2006,Cropland (Acres),Non-durum Wheat,Acres,161971.00000
4803001,Cardston County,2011,Cropland (Acres),Non-durum Wheat,Acres,135574.00000
4803001,Cardston County,2016,Cropland (Acres),Non-durum Wheat,Acres,123341.00000
4802031,Newell County,2006,Cropland (Acres),Non-durum Wheat,Acres,93596.00000
4802031,Newell County,2011,Cropland (Acres),Non-durum Wheat,Acres,101292.00000
4802031,Newell County,2016,Cropland (Acres),Non-durum Wheat,Acres,96407.00000
4808038,Ponoka County,2006,Cropland (Acres),Non-durum Wheat,Acres,0.00000
4808038,Ponoka County,2011,Cropland (Acres),Non-durum Wheat,Acres,35011.00000
4808038,Ponoka County,2016,Cropland (Acres),Non-durum Wheat,Acres,67093.00000
4812037,Lac la Biche County,2006,Cropland (Acres),Non-durum Wheat,Acres,0.00000
4812037,Lac la Biche County,2011,Cropland (Acres),Non-durum Wheat,Acres,0.00000
4812037,Lac la Biche County,2016,Cropland (Acres),Non-durum Wheat,Acres,0.00000
4809002,Clearwater County,2006,Cropland (Acres),Non-durum Wheat,Acres,0.00000
4809002,Clearwater County,2011,Cropland (Acres),Non-durum Wheat,Acres,6924.00000
4809002,Clearwater County,2016,Cropland (Acres),Non-durum Wheat,Acres,4835.00000
4810026,Minburn County No. 27,2006,Cropland (Acres),Non-durum Wheat,Acres,132162.00000
4810026,Minburn County No. 27,2011,Cropland (Acres),Non-durum Wheat,Acres,145633.00000
4810026,Minburn County No. 27,2016,Cropland (Acres),Non-durum Wheat,Acres,151971.00000
4813028,Westlock County,2006,Cropland (Acres),Non-durum Wheat,Acres,0.00000
4813028,Westlock County,2011,Cropland (Acres),Non-durum Wheat,Acres,83743.00000
4813028,Westlock County,2016,Cropland (Acres),Non-durum Wheat,Acres,113770.00000
4813029,Woodlands County,2006,Cropland (Acres),Non-durum Wheat,Acres,1082.00000
4813029,Woodlands County,2011,Cropland (Acres),Non-durum Wheat,Acres,0.00000
4813029,Woodlands County,2016,Cropland (Acres),Non-durum Wheat,Acres,6640.00000
4813018,Barrhead County No. 11,2006,Cropland (Acres),Non-durum Wheat,Acres,32692.00000
4813018,Barrhead County No. 11,2011,Cropland (Acres),Non-durum Wheat,Acres,47199.00000
4813018,Barrhead County No. 11,2016,Cropland (Acres),Non-durum Wheat,Acres,69713.00000
4810016,Beaver County,2006,Cropland (Acres),Non-durum Wheat,Acres,145359.00000
4810016,Beaver County,2011,Cropland (Acres),Non-durum Wheat,Acres,155599.00000
4810016,Beaver County,2016,Cropland (Acres),Non-durum Wheat,Acres,141539.00000
4801008,Forty Mile County No. 8,2006,Cropland (Acres),Non-durum Wheat,Acres,318254.00000
4801008,Forty Mile County No. 8,2011,Cropland (Acres),Non-durum Wheat,Acres,263332.00000
4801008,Forty Mile County No. 8,2016,Cropland (Acres),Non-durum Wheat,Acres,131879.00000
4801003,Cypress County,2006,Cropland (Acres),Non-durum Wheat,Acres,164920.00000
4801003,Cypress County,2011,Cropland (Acres),Non-durum Wheat,Acres,165907.00000
4801003,Cypress County,2016,Cropland (Acres),Non-durum Wheat,Acres,97972.00000
4803018,Willow Creek No. 26,2006,Cropland (Acres),Non-durum Wheat,Acres,90276.00000
4803018,Willow Creek No. 26,2011,Cropland (Acres),Non-durum Wheat,Acres,85737.00000
4803018,Willow Creek No. 26,2016,Cropland (Acres),Non-durum Wheat,Acres,77724.00000
4802011,Lethbridge County,2006,Cropland (Acres),Non-durum Wheat,Acres,117133.00000
4802011,Lethbridge County,2011,Cropland (Acres),Non-durum Wheat,Acres,132506.00000
4802011,Lethbridge County,2016,Cropland (Acres),Non-durum Wheat,Acres,129479.00000
4802021,"Taber, M.D.",2006,Cropland (Acres),Non-durum Wheat,Acres,169908.00000
4802021,"Taber, M.D.",2011,Cropland (Acres),Non-durum Wheat,Acres,172209.00000
4802021,"Taber, M.D.",2016,Cropland (Acres),Non-durum Wheat,Acres,130026.00000
4803011,Pincher Creek No. 9,2006,Cropland (Acres),Non-durum Wheat,Acres,19666.00000
4803011,Pincher Creek No. 9,2011,Cropland (Acres),Non-durum Wheat,Acres,35411.00000
4803011,Pincher Creek No. 9,2016,Cropland (Acres),Non-durum Wheat,Acres,28181.00000
4804004,Special Area No. 2,2006,Cropland (Acres),Non-durum Wheat,Acres,76527.00000
4804004,Special Area No. 2,2011,Cropland (Acres),Non-durum Wheat,Acres,67518.00000
4804004,Special Area No. 2,2016,Cropland (Acres),Non-durum Wheat,Acres,50039.00000
4804012,Special Area No. 3,2006,Cropland (Acres),Non-durum Wheat,Acres,202691.00000
4804012,Special Area No. 3,2011,Cropland (Acres),Non-durum Wheat,Acres,159296.00000
4804012,Special Area No. 3,2016,Cropland (Acres),Non-durum Wheat,Acres,106455.00000
4804020,Special Area No. 4,2006,Cropland (Acres),Non-durum Wheat,Acres,93979.00000
4804020,Special Area No. 4,2011,Cropland (Acres),Non-durum Wheat,Acres,96004.00000
4804020,Special Area No. 4,2016,Cropland (Acres),Non-durum Wheat,Acres,84461.00000
4805001,Vulcan County,2006,Cropland (Acres),Non-durum Wheat,Acres,277824.00000
4805001,Vulcan County,2011,Cropland (Acres),Non-durum Wheat,Acres,285081.00000
4805001,Vulcan County,2016,Cropland (Acres),Non-durum Wheat,Acres,221914.00000
4806001,Foothills No. 31,2006,Cropland (Acres),Non-durum Wheat,Acres,86550.00000
4806001,Foothills No. 31,2011,Cropland (Acres),Non-durum Wheat,Acres,74476.00000
4806001,Foothills No. 31,2016,Cropland (Acres),Non-durum Wheat,Acres,84602.00000
4806014,Rocky View County,2006,Cropland (Acres),Non-durum Wheat,Acres,134336.00000
4806014,Rocky View County,2011,Cropland (Acres),Non-durum Wheat,Acres,107112.00000
4806014,Rocky View County,2016,Cropland (Acres),Non-durum Wheat,Acres,106322.00000
4806016,Calgary,2006,Cropland (Acres),Non-durum Wheat,Acres,0.00000
4806016,Calgary,2011,Cropland (Acres),Non-durum Wheat,Acres,7342.00000
4806016,Calgary,2016,Cropland (Acres),Non-durum Wheat,Acres,0.00000
4806028,Mountain View County,2006,Cropland (Acres),Non-durum Wheat,Acres,56136.00000
4806028,Mountain View County,2011,Cropland (Acres),Non-durum Wheat,Acres,66827.00000
4806028,Mountain View County,2016,Cropland (Acres),Non-durum Wheat,Acres,94811.00000
4807001,Provost No. 52,2006,Cropland (Acres),Non-durum Wheat,Acres,92661.00000
4807001,Provost No. 52,2011,Cropland (Acres),Non-durum Wheat,Acres,97705.00000
4807001,Provost No. 52,2016,Cropland (Acres),Non-durum Wheat,Acres,93514.00000
4819041,Smoky River No. 130,2006,Cropland (Acres),Non-durum Wheat,Acres,128272.00000
4819041,Smoky River No. 130,2011,Cropland (Acres),Non-durum Wheat,Acres,180176.00000
4819041,Smoky River No. 130,2016,Cropland (Acres),Non-durum Wheat,Acres,189092.00000
4810036,Vermilion River County,2006,Cropland (Acres),Non-durum Wheat,Acres,183998.00000
4810036,Vermilion River County,2011,Cropland (Acres),Non-durum Wheat,Acres,205819.00000
4810036,Vermilion River County,2016,Cropland (Acres),Non-durum Wheat,Acres,223986.00000
4817026,Northern Sunrise County,2006,Cropland (Acres),Non-durum Wheat,Acres,0.00000
4817026,Northern Sunrise County,2011,Cropland (Acres),Non-durum Wheat,Acres,53323.00000
4817026,Northern Sunrise County,2016,Cropland (Acres),Non-durum Wheat,Acres,54729.00000
4817027,Big Lakes County,2006,Cropland (Acres),Non-durum Wheat,Acres,13872.00000
4817027,Big Lakes County,2011,Cropland (Acres),Non-durum Wheat,Acres,0.00000
4817027,Big Lakes County,2016,Cropland (Acres),Non-durum Wheat,Acres,0.00000
4813001,Lac Ste. Anne County,2006,Cropland (Acres),Non-durum Wheat,Acres,0.00000
4813001,Lac Ste. Anne County,2011,Cropland (Acres),Non-durum Wheat,Acres,13529.00000
4813001,Lac Ste. Anne County,2016,Cropland (Acres),Non-durum Wheat,Acres,24648.00000
4819049,Birch Hills County,2006,Cropland (Acres),Non-durum Wheat,Acres,87886.00000
4819049,Birch Hills County,2011,Cropland (Acres),Non-durum Wheat,Acres,0.00000
4819049,Birch Hills County,2016,Cropland (Acres),Non-durum Wheat,Acres,0.00000
4819054,Spirit River No. 133,2006,Cropland (Acres),Non-durum Wheat,Acres,610.00000
4819054,Spirit River No. 133,2011,Cropland (Acres),Non-durum Wheat,Acres,27293.00000
4819054,Spirit River No. 133,2016,Cropland (Acres),Non-durum Wheat,Acres,31260.00000
4819059,Saddle Hills County,2006,Cropland (Acres),Non-durum Wheat,Acres,60666.00000
4819059,Saddle Hills County,2011,Cropland (Acres),Non-durum Wheat,Acres,88765.00000
4819059,Saddle Hills County,2016,Cropland (Acres),Non-durum Wheat,Acres,80470.00000
4819066,Fairview No. 136,2006,Cropland (Acres),Non-durum Wheat,Acres,0.00000
4819066,Fairview No. 136,2011,Cropland (Acres),Non-durum Wheat,Acres,71306.00000
4819066,Fairview No. 136,2016,Cropland (Acres),Non-durum Wheat,Acres,63925.00000
4811032,Brazeau County,2006,Cropland (Acres),Non-durum Wheat,Acres,751.00000
4811032,Brazeau County,2011,Cropland (Acres),Non-durum Wheat,Acres,1245.00000
4811032,Brazeau County,2016,Cropland (Acres),Non-durum Wheat,Acres
4811034,Parkland County,2006,Cropland (Acres),Non-durum Wheat,Acres,24711.00000
4811034,Parkland County,2011,Cropland (Acres),Non-durum Wheat,Acres,0.00000
4811034,Parkland County,2016,Cropland (Acres),Non-durum Wheat,Acres,30877.00000
4811052,Strathcona County,2006,Cropland (Acres),Non-durum Wheat,Acres,0.00000
4811052,Strathcona County,2011,Cropland (Acres),Non-durum Wheat,Acres,42317.00000
4811052,Strathcona County,2016,Cropland (Acres),Non-durum Wheat,Acres,51016.00000
4811059,Sturgeon County,2006,Cropland (Acres),Non-durum Wheat,Acres,84971.00000
4811059,Sturgeon County,2011,Cropland (Acres),Non-durum Wheat,Acres,94644.00000
4811059,Sturgeon County,2016,Cropland (Acres),Non-durum Wheat,Acres,108753.00000
4817095,Mackenzie County,2006,Cropland (Acres),Non-durum Wheat,Acres,64801.00000
4817095,Mackenzie County,2011,Cropland (Acres),Non-durum Wheat,Acres,57031.00000
4817095,Mackenzie County,2016,Cropland (Acres),Non-durum Wheat,Acres,68082.00000
4817062,Clear Hills,2006,Cropland (Acres),Non-durum Wheat,Acres,0.00000
4817062,Clear Hills,2011,Cropland (Acres),Non-durum Wheat,Acres,0.00000
4817062,Clear Hills,2016,Cropland (Acres),Non-durum Wheat,Acres,43846.00000
4818015,Greenview No. 16,2006,Cropland (Acres),Non-durum Wheat,Acres,0.00000
4818015,Greenview No. 16,2011,Cropland (Acres),Non-durum Wheat,Acres,58357.00000
4818015,Greenview No. 16,2016,Cropland (Acres),Non-durum Wheat,Acres,56923.00000
4819006,Grande Prairie County No. 1,2006,Cropland (Acres),Non-durum Wheat,Acres,85935.00000
4819006,Grande Prairie County No. 1,2011,Cropland (Acres),Non-durum Wheat,Acres,105723.00000
4819006,Grande Prairie County No. 1,2016,Cropland (Acres),Non-durum Wheat,Acres,106950.00000
4812004,Bonnyville No. 87,2006,Cropland (Acres),Non-durum Wheat,Acres,8921.00000
4812004,Bonnyville No. 87,2011,Cropland (Acres),Non-durum Wheat,Acres,0.00000
4812004,Bonnyville No. 87,2016,Cropland (Acres),Non-durum Wheat,Acres
4812014,St. Paul County No. 19,2006,Cropland (Acres),Non-durum Wheat,Acres,27023.00000
4812014,St. Paul County No. 19,2011,Cropland (Acres),Non-durum Wheat,Acres,39236.00000
4812014,St. Paul County No. 19,2016,Cropland (Acres),Non-durum Wheat,Acres,38934.00000
4812022,Smoky Lake County,2006,Cropland (Acres),Non-durum Wheat,Acres,0.00000
4812022,Smoky Lake County,2011,Cropland (Acres),Non-durum Wheat,Acres,28884.00000
4812022,Smoky Lake County,2016,Cropland (Acres),Non-durum Wheat,Acres,37061.00000
4819071,Peace No. 135,2006,Cropland (Acres),Non-durum Wheat,Acres,0.00000
4819071,Peace No. 135,2011,Cropland (Acres),Non-durum Wheat,Acres,0.00000
4819071,Peace No. 135,2016,Cropland (Acres),Non-durum Wheat,Acres
4815007,Crowsnest Pass,2006,Cropland (Acres),Non-durum Wheat,Acres,0.00000
4815015,Bighorn No. 8,2006,Cropland (Acres),Non-durum Wheat,Acres,0.00000
4815015,Bighorn No. 8,2011,Cropland (Acres),Non-durum Wheat,Acres,0.00000
4815015,Bighorn No. 8,2016,Cropland (Acres),Non-durum Wheat,Acres,0.00000
4815037,Improvement District No. 12 Jasper Park,2011,Cropland (Acres),Non-durum Wheat,Acres,0.00000
4815037,Improvement District No. 12 Jasper Park,2016,Cropland (Acres),Non-durum Wheat,Acres,0.00000
4815045,Ranchland No. 66,2006,Cropland (Acres),Non-durum Wheat,Acres,0.00000
4815045,Ranchland No. 66,2011,Cropland (Acres),Non-durum Wheat,Acres,0.00000
4815045,Ranchland No. 66,2016,Cropland (Acres),Non-durum Wheat,Acres,0.00000
4816037,Wood Buffalo,2016,Cropland (Acres),Non-durum Wheat,Acres,0.00000
4816051,Improvement District No. 24 Wood Buffalo,2016,Cropland (Acres),Non-durum Wheat,Acres,0.00000
4811012,Leduc County,2006,Cropland (Acres),Non-durum Wheat,Acres,62471.00000
4811012,Leduc County,2011,Cropland (Acres),Non-durum Wheat,Acres,72678.00000
4811012,Leduc County,2016,Cropland (Acres),Non-durum Wheat,Acres,80756.00000
4811001,Wetaskiwin County No. 10,2006,Cropland (Acres),Non-durum Wheat,Acres,53678.00000
4811001,Wetaskiwin County No. 10,2011,Cropland (Acres),Non-durum Wheat,Acres,54913.00000
4811001,Wetaskiwin County No. 10,2016,Cropland (Acres),Non-durum Wheat,Acres,72736.00000
4817076,Northern Lights County,2006,Cropland (Acres),Non-durum Wheat,Acres,57748.00000
4817076,Northern Lights County,2011,Cropland (Acres),Non-durum Wheat,Acres,89511.00000
4817076,Northern Lights County,2016,Cropland (Acres),Non-durum Wheat,Acres,90874.00000
4813036,Thorhild County,2006,Cropland (Acres),Non-durum Wheat,Acres,0.00000
4813036,Thorhild County,2011,Cropland (Acres),Non-durum Wheat,Acres,0.00000
4813036,Thorhild County,2016,Cropland (Acres),Non-durum Wheat,Acres,42238.00000
4813044,Athabasca County,2006,Cropland (Acres),Non-durum Wheat,Acres,0.00000
4813044,Athabasca County,2011,Cropland (Acres),Non-durum Wheat,Acres,40451.00000
4813044,Athabasca County,2016,Cropland (Acres),Non-durum Wheat,Acres,51690.00000
4817033,Lesser Slave River No.124,2006,Cropland (Acres),Non-durum Wheat,Acres,1901.00000
4817033,Lesser Slave River No.124,2011,Cropland (Acres),Non-durum Wheat,Acres,3231.00000
4817033,Lesser Slave River No.124,2016,Cropland (Acres),Non-durum Wheat,Acres,0.00000
4810058,Lamont County,2006,Cropland (Acres),Non-durum Wheat,Acres,0.00000
4810058,Lamont County,2011,Cropland (Acres),Non-durum Wheat,Acres,97422.00000
4810058,Lamont County,2016,Cropland (Acres),Non-durum Wheat,Acres,115166.00000
4810048,Two Hills County No. 21,2006,Cropland (Acres),Non-durum Wheat,Acres,0.00000
4810048,Two Hills County No. 21,2011,Cropland (Acres),Non-durum Wheat,Acres,107317.00000
4810048,Two Hills County No. 21,2016,Cropland (Acres),Non-durum Wheat,Acres,86051.00000
4814003,Yellowhead County,2006,Cropland (Acres),Non-durum Wheat,Acres,6430.00000
4814003,Yellowhead County,2011,Cropland (Acres),Non-durum Wheat,Acres,8769.00000
4814003,Yellowhead County,2016,Cropland (Acres),Non-durum Wheat,Acres
4805031,Starland County,2006,Cropland (Acres),Oats,Acres,8563.00000
4805031,Starland County,2011,Cropland (Acres),Oats,Acres,3906.00000
4805031,Starland County,2016,Cropland (Acres),Oats,Acres,3604.00000
4805041,Kneehill County,2006,Cropland (Acres),Oats,Acres,9627.00000
4805041,Kneehill County,2011,Cropland (Acres),Oats,Acres,7049.00000
4805041,Kneehill County,2016,Cropland (Acres),Oats,Acres,4209.00000
4802001,Warner County No. 5,2006,Cropland (Acres),Oats,Acres,8531.00000
4802001,Warner County No. 5,2011,Cropland (Acres),Oats,Acres,5680.00000
4802001,Warner County No. 5,2016,Cropland (Acres),Oats,Acres,6343.00000
4807049,Wainwright No. 61,2006,Cropland (Acres),Oats,Acres,41199.00000
4807049,Wainwright No. 61,2011,Cropland (Acres),Oats,Acres,18288.00000
4807049,Wainwright No. 61,2016,Cropland (Acres),Oats,Acres,20469.00000
4808001,Red Deer County,2006,Cropland (Acres),Oats,Acres,16026.00000
4808001,Red Deer County,2011,Cropland (Acres),Oats,Acres,11484.00000
4808001,Red Deer County,2016,Cropland (Acres),Oats,Acres,9286.00000
4805012,Wheatland County,2006,Cropland (Acres),Oats,Acres,9694.00000
4805012,Wheatland County,2011,Cropland (Acres),Oats,Acres,5568.00000
4805012,Wheatland County,2016,Cropland (Acres),Oats,Acres,4562.00000
4807019,Stettler County No. 6,2006,Cropland (Acres),Oats,Acres,22961.00000
4807019,Stettler County No. 6,2011,Cropland (Acres),Oats,Acres,16713.00000
4807019,Stettler County No. 6,2016,Cropland (Acres),Oats,Acres,16552.00000
4808022,Lacombe County,2006,Cropland (Acres),Oats,Acres,13316.00000
4808022,Lacombe County,2011,Cropland (Acres),Oats,Acres,8625.00000
4808022,Lacombe County,2016,Cropland (Acres),Oats,Acres,9333.00000
4807031,Flagstaff County,2006,Cropland (Acres),Oats,Acres,27779.00000
4807031,Flagstaff County,2011,Cropland (Acres),Oats,Acres,11590.00000
4807031,Flagstaff County,2016,Cropland (Acres),Oats,Acres,14317.00000
4807011,Paintearth County No. 18,2006,Cropland (Acres),Oats,Acres,44561.00000
4807011,Paintearth County No. 18,2011,Cropland (Acres),Oats,Acres,28986.00000
4807011,Paintearth County No. 18,2016,Cropland (Acres),Oats,Acres,22563.00000
4810001,Camrose County,2006,Cropland (Acres),Oats,Acres,16663.00000
4810001,Camrose County,2011,Cropland (Acres),Oats,Acres,8684.00000
4810001,Camrose County,2016,Cropland (Acres),Oats,Acres,9809.00000
4811061,Edmonton,2006,Cropland (Acres),Oats,Acres,1167.00000
4811061,Edmonton,2011,Cropland (Acres),Oats,Acres
4811061,Edmonton,2016,Cropland (Acres),Oats,Acres,952.00000
4803001,Cardston County,2006,Cropland (Acres),Oats,Acres,6528.00000
4803001,Cardston County,2011,Cropland (Acres),Oats,Acres,2666.00000
4803001,Cardston County,2016,Cropland (Acres),Oats,Acres,7719.00000
4802031,Newell County,2006,Cropland (Acres),Oats,Acres,11067.00000
4802031,Newell County,2011,Cropland (Acres),Oats,Acres,3811.00000
4802031,Newell County,2016,Cropland (Acres),Oats,Acres,4342.00000
4808038,Ponoka County,2006,Cropland (Acres),Oats,Acres,19535.00000
4808038,Ponoka County,2011,Cropland (Acres),Oats,Acres,14315.00000
4808038,Ponoka County,2016,Cropland (Acres),Oats,Acres,17225.00000
4812037,Lac la Biche County,2006,Cropland (Acres),Oats,Acres,20602.00000
4812037,Lac la Biche County,2011,Cropland (Acres),Oats,Acres,10227.00000
4812037,Lac la Biche County,2016,Cropland (Acres),Oats,Acres,12068.00000
4809002,Clearwater County,2006,Cropland (Acres),Oats,Acres,16685.00000
4809002,Clearwater County,2011,Cropland (Acres),Oats,Acres,17074.00000
4809002,Clearwater County,2016,Cropland (Acres),Oats,Acres,12149.00000
4810026,Minburn County No. 27,2006,Cropland (Acres),Oats,Acres,31531.00000
4810026,Minburn County No. 27,2011,Cropland (Acres),Oats,Acres,14495.00000
4810026,Minburn County No. 27,2016,Cropland (Acres),Oats,Acres,17935.00000
4813028,Westlock County,2006,Cropland (Acres),Oats,Acres,24421.00000
4813028,Westlock County,2011,Cropland (Acres),Oats,Acres,17701.00000
4813028,Westlock County,2016,Cropland (Acres),Oats,Acres,19504.00000
4813029,Woodlands County,2006,Cropland (Acres),Oats,Acres,5508.00000
4813029,Woodlands County,2011,Cropland (Acres),Oats,Acres,5105.00000
4813029,Woodlands County,2016,Cropland (Acres),Oats,Acres,4098.00000
4813018,Barrhead County No. 11,2006,Cropland (Acres),Oats,Acres,19268.00000
4813018,Barrhead County No. 11,2011,Cropland (Acres),Oats,Acres,13018.00000
4813018,Barrhead County No. 11,2016,Cropland (Acres),Oats,Acres,9893.00000
4810016,Beaver County,2006,Cropland (Acres),Oats,Acres,22326.00000
4810016,Beaver County,2011,Cropland (Acres),Oats,Acres,14389.00000
4810016,Beaver County,2016,Cropland (Acres),Oats,Acres,11709.00000
4801008,Forty Mile County No. 8,2006,Cropland (Acres),Oats,Acres,14356.00000
4801008,Forty Mile County No. 8,2011,Cropland (Acres),Oats,Acres,5333.00000
4801008,Forty Mile County No. 8,2016,Cropland (Acres),Oats,Acres,3506.00000
4801003,Cypress County,2006,Cropland (Acres),Oats,Acres,12637.00000
4801003,Cypress County,2011,Cropland (Acres),Oats,Acres,10162.00000
4801003,Cypress County,2016,Cropland (Acres),Oats,Acres,5955.00000
4803018,Willow Creek No. 26,2006,Cropland (Acres),Oats,Acres,16044.00000
4803018,Willow Creek No. 26,2011,Cropland (Acres),Oats,Acres,9521.00000
4803018,Willow Creek No. 26,2016,Cropland (Acres),Oats,Acres,8846.00000
4802011,Lethbridge County,2006,Cropland (Acres),Oats,Acres,4535.00000
4802011,Lethbridge County,2011,Cropland (Acres),Oats,Acres,6027.00000
4802011,Lethbridge County,2016,Cropland (Acres),Oats,Acres,3594.00000
4802021,"Taber, M.D.",2006,Cropland (Acres),Oats,Acres,5078.00000
4802021,"Taber, M.D.",2011,Cropland (Acres),Oats,Acres,3740.00000
4802021,"Taber, M.D.",2016,Cropland (Acres),Oats,Acres,2643.00000
4803011,Pincher Creek No. 9,2006,Cropland (Acres),Oats,Acres,8860.00000
4803011,Pincher Creek No. 9,2011,Cropland (Acres),Oats,Acres,6137.00000
4803011,Pincher Creek No. 9,2016,Cropland (Acres),Oats,Acres,4405.00000
4804004,Special Area No. 2,2006,Cropland (Acres),Oats,Acres,34604.00000
4804004,Special Area No. 2,2011,Cropland (Acres),Oats,Acres,21663.00000
4804004,Special Area No. 2,2016,Cropland (Acres),Oats,Acres,23333.00000
4804012,Special Area No. 3,2006,Cropland (Acres),Oats,Acres,24919.00000
4804012,Special Area No. 3,2011,Cropland (Acres),Oats,Acres,18285.00000
4804012,Special Area No. 3,2016,Cropland (Acres),Oats,Acres,14673.00000
4804020,Special Area No. 4,2006,Cropland (Acres),Oats,Acres,32114.00000
4804020,Special Area No. 4,2011,Cropland (Acres),Oats,Acres,20736.00000
4804020,Special Area No. 4,2016,Cropland (Acres),Oats,Acres,20615.00000
4805001,Vulcan County,2006,Cropland (Acres),Oats,Acres,4585.00000
4805001,Vulcan County,2011,Cropland (Acres),Oats,Acres,4363.00000
4805001,Vulcan County,2016,Cropland (Acres),Oats,Acres,5701.00000
4806001,Foothills No. 31,2006,Cropland (Acres),Oats,Acres,9803.00000
4806001,Foothills No. 31,2011,Cropland (Acres),Oats,Acres,9506.00000
4806001,Foothills No. 31,2016,Cropland (Acres),Oats,Acres,8163.00000
4806014,Rocky View County,2006,Cropland (Acres),Oats,Acres,17661.00000
4806014,Rocky View County,2011,Cropland (Acres),Oats,Acres,10663.00000
4806014,Rocky View County,2016,Cropland (Acres),Oats,Acres,12013.00000
4806016,Calgary,2006,Cropland (Acres),Oats,Acres,1442.00000
4806016,Calgary,2011,Cropland (Acres),Oats,Acres,165.00000
4806016,Calgary,2016,Cropland (Acres),Oats,Acres,3907.00000
4806028,Mountain View County,2006,Cropland (Acres),Oats,Acres,23216.00000
4806028,Mountain View County,2011,Cropland (Acres),Oats,Acres,15691.00000
4806028,Mountain View County,2016,Cropland (Acres),Oats,Acres,11850.00000
4807001,Provost No. 52,2006,Cropland (Acres),Oats,Acres,35694.00000
4807001,Provost No. 52,2011,Cropland (Acres),Oats,Acres,23306.00000
4807001,Provost No. 52,2016,Cropland (Acres),Oats,Acres,20644.00000
4819041,Smoky River No. 130,2006,Cropland (Acres),Oats,Acres,20426.00000
4819041,Smoky River No. 130,2011,Cropland (Acres),Oats,Acres,9387.00000
4819041,Smoky River No. 130,2016,Cropland (Acres),Oats,Acres,3734.00000
4810036,Vermilion River County,2006,Cropland (Acres),Oats,Acres,46632.00000
4810036,Vermilion River County,2011,Cropland (Acres),Oats,Acres,23031.00000
4810036,Vermilion River County,2016,Cropland (Acres),Oats,Acres,24513.00000
4817026,Northern Sunrise County,2006,Cropland (Acres),Oats,Acres,5059.00000
4817026,Northern Sunrise County,2011,Cropland (Acres),Oats,Acres,2250.00000
4817026,Northern Sunrise County,2016,Cropland (Acres),Oats,Acres,2521.00000
4817027,Big Lakes County,2006,Cropland (Acres),Oats,Acres,16640.00000
4817027,Big Lakes County,2011,Cropland (Acres),Oats,Acres,11060.00000
4817027,Big Lakes County,2016,Cropland (Acres),Oats,Acres,6603.00000
4813001,Lac Ste. Anne County,2006,Cropland (Acres),Oats,Acres,31320.00000
4813001,Lac Ste. Anne County,2011,Cropland (Acres),Oats,Acres,23230.00000
4813001,Lac Ste. Anne County,2016,Cropland (Acres),Oats,Acres,20241.00000
4819049,Birch Hills County,2006,Cropland (Acres),Oats,Acres,10544.00000
4819049,Birch Hills County,2011,Cropland (Acres),Oats,Acres,10731.00000
4819049,Birch Hills County,2016,Cropland (Acres),Oats,Acres,3557.00000
4819054,Spirit River No. 133,2006,Cropland (Acres),Oats,Acres,5466.00000
4819054,Spirit River No. 133,2011,Cropland (Acres),Oats,Acres,3984.00000
4819054,Spirit River No. 133,2016,Cropland (Acres),Oats,Acres,5046.00000
4819059,Saddle Hills County,2006,Cropland (Acres),Oats,Acres,32590.00000
4819059,Saddle Hills County,2011,Cropland (Acres),Oats,Acres,32767.00000
4819059,Saddle Hills County,2016,Cropland (Acres),Oats,Acres,23632.00000
4819066,Fairview No. 136,2006,Cropland (Acres),Oats,Acres,11938.00000
4819066,Fairview No. 136,2011,Cropland (Acres),Oats,Acres,8709.00000
4819066,Fairview No. 136,2016,Cropland (Acres),Oats,Acres,6341.00000
4811032,Brazeau County,2006,Cropland (Acres),Oats,Acres,12728.00000
4811032,Brazeau County,2011,Cropland (Acres),Oats,Acres,16484.00000
4811032,Brazeau County,2016,Cropland (Acres),Oats,Acres,13492.00000
4811034,Parkland County,2006,Cropland (Acres),Oats,Acres,17565.00000
4811034,Parkland County,2011,Cropland (Acres),Oats,Acres,12106.00000
4811034,Parkland County,2016,Cropland (Acres),Oats,Acres,13114.00000
4811052,Strathcona County,2006,Cropland (Acres),Oats,Acres,5948.00000
4811052,Strathcona County,2011,Cropland (Acres),Oats,Acres
4811052,Strathcona County,2016,Cropland (Acres),Oats,Acres,2065.00000
4811059,Sturgeon County,2006,Cropland (Acres),Oats,Acres,19563.00000
4811059,Sturgeon County,2011,Cropland (Acres),Oats,Acres,12318.00000
4811059,Sturgeon County,2016,Cropland (Acres),Oats,Acres,14353.00000
4817095,Mackenzie County,2006,Cropland (Acres),Oats,Acres,21354.00000
4817095,Mackenzie County,2011,Cropland (Acres),Oats,Acres,38396.00000
4817095,Mackenzie County,2016,Cropland (Acres),Oats,Acres,52983.00000
4817062,Clear Hills,2006,Cropland (Acres),Oats,Acres,27468.00000
4817062,Clear Hills,2011,Cropland (Acres),Oats,Acres,34905.00000
4817062,Clear Hills,2016,Cropland (Acres),Oats,Acres,21311.00000
4818015,Greenview No. 16,2006,Cropland (Acres),Oats,Acres,31910.00000
4818015,Greenview No. 16,2011,Cropland (Acres),Oats,Acres,26683.00000
4818015,Greenview No. 16,2016,Cropland (Acres),Oats,Acres,20410.00000
4819006,Grande Prairie County No. 1,2006,Cropland (Acres),Oats,Acres,36765.00000
4819006,Grande Prairie County No. 1,2011,Cropland (Acres),Oats,Acres,25751.00000
4819006,Grande Prairie County No. 1,2016,Cropland (Acres),Oats,Acres,23207.00000
4812004,Bonnyville No. 87,2006,Cropland (Acres),Oats,Acres,25376.00000
4812004,Bonnyville No. 87,2011,Cropland (Acres),Oats,Acres,17842.00000
4812004,Bonnyville No. 87,2016,Cropland (Acres),Oats,Acres,17149.00000
4812014,St. Paul County No. 19,2006,Cropland (Acres),Oats,Acres,33052.00000
4812014,St. Paul County No. 19,2011,Cropland (Acres),Oats,Acres,21780.00000
4812014,St. Paul County No. 19,2016,Cropland (Acres),Oats,Acres,24887.00000
4812022,Smoky Lake County,2006,Cropland (Acres),Oats,Acres,17504.00000
4812022,Smoky Lake County,2011,Cropland (Acres),Oats,Acres,13240.00000
4812022,Smoky Lake County,2016,Cropland (Acres),Oats,Acres,10466.00000
4819071,Peace No. 135,2006,Cropland (Acres),Oats,Acres,6742.00000
4819071,Peace No. 135,2011,Cropland (Acres),Oats,Acres,4398.00000
4819071,Peace No. 135,2016,Cropland (Acres),Oats,Acres,4324.00000
4815007,Crowsnest Pass,2006,Cropland (Acres),Oats,Acres,0.00000
4815015,Bighorn No. 8,2006,Cropland (Acres),Oats,Acres,189.00000
4815015,Bighorn No. 8,2011,Cropland (Acres),Oats,Acres,270.00000
4815015,Bighorn No. 8,2016,Cropland (Acres),Oats,Acres
4815037,Improvement District No. 12 Jasper Park,2011,Cropland (Acres),Oats,Acres,0.00000
4815037,Improvement District No. 12 Jasper Park,2016,Cropland (Acres),Oats,Acres,0.00000
4815045,Ranchland No. 66,2006,Cropland (Acres),Oats,Acres,438.00000
4815045,Ranchland No. 66,2011,Cropland (Acres),Oats,Acres,317.00000
4815045,Ranchland No. 66,2016,Cropland (Acres),Oats,Acres
4816037,Wood Buffalo,2016,Cropland (Acres),Oats,Acres
4816051,Improvement District No. 24 Wood Buffalo,2016,Cropland (Acres),Oats,Acres,0.00000
4811012,Leduc County,2006,Cropland (Acres),Oats,Acres,22224.00000
4811012,Leduc County,2011,Cropland (Acres),Oats,Acres,17982.00000
4811012,Leduc County,2016,Cropland (Acres),Oats,Acres,16619.00000
4811001,Wetaskiwin County No. 10,2006,Cropland (Acres),Oats,Acres,21305.00000
4811001,Wetaskiwin County No. 10,2011,Cropland (Acres),Oats,Acres,13744.00000
4811001,Wetaskiwin County No. 10,2016,Cropland (Acres),Oats,Acres,11313.00000
4817076,Northern Lights County,2006,Cropland (Acres),Oats,Acres,19083.00000
4817076,Northern Lights County,2011,Cropland (Acres),Oats,Acres,13607.00000
4817076,Northern Lights County,2016,Cropland (Acres),Oats,Acres,14006.00000
4813036,Thorhild County,2006,Cropland (Acres),Oats,Acres,15569.00000
4813036,Thorhild County,2011,Cropland (Acres),Oats,Acres,11280.00000
4813036,Thorhild County,2016,Cropland (Acres),Oats,Acres,10361.00000
4813044,Athabasca County,2006,Cropland (Acres),Oats,Acres,38396.00000
4813044,Athabasca County,2011,Cropland (Acres),Oats,Acres,25432.00000
4813044,Athabasca County,2016,Cropland (Acres),Oats,Acres,21315.00000
4817033,Lesser Slave River No.124,2006,Cropland (Acres),Oats,Acres,5727.00000
4817033,Lesser Slave River No.124,2011,Cropland (Acres),Oats,Acres,5112.00000
4817033,Lesser Slave River No.124,2016,Cropland (Acres),Oats,Acres,4806.00000
4810058,Lamont County,2006,Cropland (Acres),Oats,Acres,23687.00000
4810058,Lamont County,2011,Cropland (Acres),Oats,Acres,14089.00000
4810058,Lamont County,2016,Cropland (Acres),Oats,Acres,12260.00000
4810048,Two Hills County No. 21,2006,Cropland (Acres),Oats,Acres,24038.00000
4810048,Two Hills County No. 21,2011,Cropland (Acres),Oats,Acres,14212.00000
4810048,Two Hills County No. 21,2016,Cropland (Acres),Oats,Acres,13470.00000
4814003,Yellowhead County,2006,Cropland (Acres),Oats,Acres,18877.00000
4814003,Yellowhead County,2011,Cropland (Acres),Oats,Acres,18736.00000
4814003,Yellowhead County,2016,Cropland (Acres),Oats,Acres
4805031,Starland County,2006,Cropland (Acres),Other,Acres,64335.00000
4805031,Starland County,2011,Cropland (Acres),Other,Acres,65355.00000
4805031,Starland County,2016,Cropland (Acres),Other,Acres,86197.00000
4805041,Kneehill County,2006,Cropland (Acres),Other,Acres,77079.00000
4805041,Kneehill County,2011,Cropland (Acres),Other,Acres,69800.00000
4805041,Kneehill County,2016,Cropland (Acres),Other,Acres,96272.00000
4802001,Warner County No. 5,2006,Cropland (Acres),Other,Acres,119781.00000
4802001,Warner County No. 5,2011,Cropland (Acres),Other,Acres,133168.00000
4802001,Warner County No. 5,2016,Cropland (Acres),Other,Acres,217483.00000
4807049,Wainwright No. 61,2006,Cropland (Acres),Other,Acres,108542.00000
4807049,Wainwright No. 61,2011,Cropland (Acres),Other,Acres,230146.00000
4807049,Wainwright No. 61,2016,Cropland (Acres),Other,Acres,99484.00000
4808001,Red Deer County,2006,Cropland (Acres),Other,Acres,212813.00000
4808001,Red Deer County,2011,Cropland (Acres),Other,Acres,158390.00000
4808001,Red Deer County,2016,Cropland (Acres),Other,Acres,155841.00000
4805012,Wheatland County,2006,Cropland (Acres),Other,Acres,112686.00000
4805012,Wheatland County,2011,Cropland (Acres),Other,Acres,104169.00000
4805012,Wheatland County,2016,Cropland (Acres),Other,Acres,164597.00000
4807019,Stettler County No. 6,2006,Cropland (Acres),Other,Acres,151171.00000
4807019,Stettler County No. 6,2011,Cropland (Acres),Other,Acres,139577.00000
4807019,Stettler County No. 6,2016,Cropland (Acres),Other,Acres,134727.00000
4808022,Lacombe County,2006,Cropland (Acres),Other,Acres,192985.00000
4808022,Lacombe County,2011,Cropland (Acres),Other,Acres,92494.00000
4808022,Lacombe County,2016,Cropland (Acres),Other,Acres,107655.00000
4807031,Flagstaff County,2006,Cropland (Acres),Other,Acres,101676.00000
4807031,Flagstaff County,2011,Cropland (Acres),Other,Acres,355323.00000
4807031,Flagstaff County,2016,Cropland (Acres),Other,Acres,104101.00000
4807011,Paintearth County No. 18,2006,Cropland (Acres),Other,Acres,106381.00000
4807011,Paintearth County No. 18,2011,Cropland (Acres),Other,Acres,105617.00000
4807011,Paintearth County No. 18,2016,Cropland (Acres),Other,Acres,109321.00000
4810001,Camrose County,2006,Cropland (Acres),Other,Acres,115830.00000
4810001,Camrose County,2011,Cropland (Acres),Other,Acres,91294.00000
4810001,Camrose County,2016,Cropland (Acres),Other,Acres,102840.00000
4811061,Edmonton,2006,Cropland (Acres),Other,Acres,21088.00000
4811061,Edmonton,2011,Cropland (Acres),Other,Acres,5863.00000
4811061,Edmonton,2016,Cropland (Acres),Other,Acres,6109.00000
4803001,Cardston County,2006,Cropland (Acres),Other,Acres,90209.00000
4803001,Cardston County,2011,Cropland (Acres),Other,Acres,75088.00000
4803001,Cardston County,2016,Cropland (Acres),Other,Acres,86502.00000
4802031,Newell County,2006,Cropland (Acres),Other,Acres,142542.00000
4802031,Newell County,2011,Cropland (Acres),Other,Acres,142435.00000
4802031,Newell County,2016,Cropland (Acres),Other,Acres,177692.00000
4808038,Ponoka County,2006,Cropland (Acres),Other,Acres,159655.00000
4808038,Ponoka County,2011,Cropland (Acres),Other,Acres,114226.00000
4808038,Ponoka County,2016,Cropland (Acres),Other,Acres,114822.00000
4812037,Lac la Biche County,2006,Cropland (Acres),Other,Acres,72256.00000
4812037,Lac la Biche County,2011,Cropland (Acres),Other,Acres,56266.00000
4812037,Lac la Biche County,2016,Cropland (Acres),Other,Acres,48675.00000
4809002,Clearwater County,2006,Cropland (Acres),Other,Acres,163305.00000
4809002,Clearwater County,2011,Cropland (Acres),Other,Acres,132786.00000
4809002,Clearwater County,2016,Cropland (Acres),Other,Acres,118211.00000
4810026,Minburn County No. 27,2006,Cropland (Acres),Other,Acres,90933.00000
4810026,Minburn County No. 27,2011,Cropland (Acres),Other,Acres,70402.00000
4810026,Minburn County No. 27,2016,Cropland (Acres),Other,Acres,73087.00000
4813028,Westlock County,2006,Cropland (Acres),Other,Acres,183141.00000
4813028,Westlock County,2011,Cropland (Acres),Other,Acres,93016.00000
4813028,Westlock County,2016,Cropland (Acres),Other,Acres,87099.00000
4813029,Woodlands County,2006,Cropland (Acres),Other,Acres,41785.00000
4813029,Woodlands County,2011,Cropland (Acres),Other,Acres,43568.00000
4813029,Woodlands County,2016,Cropland (Acres),Other,Acres,30671.00000
4813018,Barrhead County No. 11,2006,Cropland (Acres),Other,Acres,110907.00000
4813018,Barrhead County No. 11,2011,Cropland (Acres),Other,Acres,78094.00000
4813018,Barrhead County No. 11,2016,Cropland (Acres),Other,Acres,77462.00000
4810016,Beaver County,2006,Cropland (Acres),Other,Acres,85143.00000
4810016,Beaver County,2011,Cropland (Acres),Other,Acres,75027.00000
4810016,Beaver County,2016,Cropland (Acres),Other,Acres,80546.00000
4801008,Forty Mile County No. 8,2006,Cropland (Acres),Other,Acres,174085.00000
4801008,Forty Mile County No. 8,2011,Cropland (Acres),Other,Acres,186099.00000
4801008,Forty Mile County No. 8,2016,Cropland (Acres),Other,Acres,401634.00000
4801003,Cypress County,2006,Cropland (Acres),Other,Acres,167674.00000
4801003,Cypress County,2011,Cropland (Acres),Other,Acres,183837.00000
4801003,Cypress County,2016,Cropland (Acres),Other,Acres,250876.00000
4803018,Willow Creek No. 26,2006,Cropland (Acres),Other,Acres,132034.00000
4803018,Willow Creek No. 26,2011,Cropland (Acres),Other,Acres,148311.00000
4803018,Willow Creek No. 26,2016,Cropland (Acres),Other,Acres,157001.00000
4802011,Lethbridge County,2006,Cropland (Acres),Other,Acres,149682.00000
4802011,Lethbridge County,2011,Cropland (Acres),Other,Acres,135005.00000
4802011,Lethbridge County,2016,Cropland (Acres),Other,Acres,196335.00000
4802021,"Taber, M.D.",2006,Cropland (Acres),Other,Acres,186221.00000
4802021,"Taber, M.D.",2011,Cropland (Acres),Other,Acres,216363.00000
4802021,"Taber, M.D.",2016,Cropland (Acres),Other,Acres,275896.00000
4803011,Pincher Creek No. 9,2006,Cropland (Acres),Other,Acres,77515.00000
4803011,Pincher Creek No. 9,2011,Cropland (Acres),Other,Acres,83013.00000
4803011,Pincher Creek No. 9,2016,Cropland (Acres),Other,Acres,65405.00000
4804004,Special Area No. 2,2006,Cropland (Acres),Other,Acres,212336.00000
4804004,Special Area No. 2,2011,Cropland (Acres),Other,Acres,182195.00000
4804004,Special Area No. 2,2016,Cropland (Acres),Other,Acres,182001.00000
4804012,Special Area No. 3,2006,Cropland (Acres),Other,Acres,161734.00000
4804012,Special Area No. 3,2011,Cropland (Acres),Other,Acres,185407.00000
4804012,Special Area No. 3,2016,Cropland (Acres),Other,Acres,300983.00000
4804020,Special Area No. 4,2006,Cropland (Acres),Other,Acres,130511.00000
4804020,Special Area No. 4,2011,Cropland (Acres),Other,Acres,120881.00000
4804020,Special Area No. 4,2016,Cropland (Acres),Other,Acres,121025.00000
4805001,Vulcan County,2006,Cropland (Acres),Other,Acres,164475.00000
4805001,Vulcan County,2011,Cropland (Acres),Other,Acres,165650.00000
4805001,Vulcan County,2016,Cropland (Acres),Other,Acres,293316.00000
4806001,Foothills No. 31,2006,Cropland (Acres),Other,Acres,134284.00000
4806001,Foothills No. 31,2011,Cropland (Acres),Other,Acres,131729.00000
4806001,Foothills No. 31,2016,Cropland (Acres),Other,Acres,126288.00000
4806014,Rocky View County,2006,Cropland (Acres),Other,Acres,159921.00000
4806014,Rocky View County,2011,Cropland (Acres),Other,Acres,134481.00000
4806014,Rocky View County,2016,Cropland (Acres),Other,Acres,134791.00000
4806016,Calgary,2006,Cropland (Acres),Other,Acres,37756.00000
4806016,Calgary,2011,Cropland (Acres),Other,Acres,10527.00000
4806016,Calgary,2016,Cropland (Acres),Other,Acres,10181.00000
4806028,Mountain View County,2006,Cropland (Acres),Other,Acres,215580.00000
4806028,Mountain View County,2011,Cropland (Acres),Other,Acres,155926.00000
4806028,Mountain View County,2016,Cropland (Acres),Other,Acres,148870.00000
4807001,Provost No. 52,2006,Cropland (Acres),Other,Acres,97217.00000
4807001,Provost No. 52,2011,Cropland (Acres),Other,Acres,86258.00000
4807001,Provost No. 52,2016,Cropland (Acres),Other,Acres,108753.00000
4819041,Smoky River No. 130,2006,Cropland (Acres),Other,Acres,139771.00000
4819041,Smoky River No. 130,2011,Cropland (Acres),Other,Acres,46896.00000
4819041,Smoky River No. 130,2016,Cropland (Acres),Other,Acres,70071.00000
4810036,Vermilion River County,2006,Cropland (Acres),Other,Acres,186035.00000
4810036,Vermilion River County,2011,Cropland (Acres),Other,Acres,160270.00000
4810036,Vermilion River County,2016,Cropland (Acres),Other,Acres,174221.00000
4817026,Northern Sunrise County,2006,Cropland (Acres),Other,Acres,133425.00000
4817026,Northern Sunrise County,2011,Cropland (Acres),Other,Acres,44846.00000
4817026,Northern Sunrise County,2016,Cropland (Acres),Other,Acres,36223.00000
4817027,Big Lakes County,2006,Cropland (Acres),Other,Acres,116237.00000
4817027,Big Lakes County,2011,Cropland (Acres),Other,Acres,112648.00000
4817027,Big Lakes County,2016,Cropland (Acres),Other,Acres,73684.00000
4813001,Lac Ste. Anne County,2006,Cropland (Acres),Other,Acres,180074.00000
4813001,Lac Ste. Anne County,2011,Cropland (Acres),Other,Acres,148293.00000
4813001,Lac Ste. Anne County,2016,Cropland (Acres),Other,Acres,123921.00000
4819049,Birch Hills County,2006,Cropland (Acres),Other,Acres,70893.00000
4819049,Birch Hills County,2011,Cropland (Acres),Other,Acres,172434.00000
4819049,Birch Hills County,2016,Cropland (Acres),Other,Acres,61993.00000
4819054,Spirit River No. 133,2006,Cropland (Acres),Other,Acres,75922.00000
4819054,Spirit River No. 133,2011,Cropland (Acres),Other,Acres,11393.00000
4819054,Spirit River No. 133,2016,Cropland (Acres),Other,Acres,41423.00000
4819059,Saddle Hills County,2006,Cropland (Acres),Other,Acres,146541.00000
4819059,Saddle Hills County,2011,Cropland (Acres),Other,Acres,131809.00000
4819059,Saddle Hills County,2016,Cropland (Acres),Other,Acres,141727.00000
4819066,Fairview No. 136,2006,Cropland (Acres),Other,Acres,101349.00000
4819066,Fairview No. 136,2011,Cropland (Acres),Other,Acres,39550.00000
4819066,Fairview No. 136,2016,Cropland (Acres),Other,Acres,51025.00000
4811032,Brazeau County,2006,Cropland (Acres),Other,Acres,73610.00000
4811032,Brazeau County,2011,Cropland (Acres),Other,Acres,67335.00000
4811032,Brazeau County,2016,Cropland (Acres),Other,Acres,51684.00000
4811034,Parkland County,2006,Cropland (Acres),Other,Acres,98718.00000
4811034,Parkland County,2011,Cropland (Acres),Other,Acres,103404.00000
4811034,Parkland County,2016,Cropland (Acres),Other,Acres,73155.00000
4811052,Strathcona County,2006,Cropland (Acres),Other,Acres,90817.00000
4811052,Strathcona County,2011,Cropland (Acres),Other,Acres,45679.00000
4811052,Strathcona County,2016,Cropland (Acres),Other,Acres,35004.00000
4811059,Sturgeon County,2006,Cropland (Acres),Other,Acres,95913.00000
4811059,Sturgeon County,2011,Cropland (Acres),Other,Acres,77461.00000
4811059,Sturgeon County,2016,Cropland (Acres),Other,Acres,71292.00000
4817095,Mackenzie County,2006,Cropland (Acres),Other,Acres,95914.00000
4817095,Mackenzie County,2011,Cropland (Acres),Other,Acres,251175.00000
4817095,Mackenzie County,2016,Cropland (Acres),Other,Acres,100597.00000
4817062,Clear Hills,2006,Cropland (Acres),Other,Acres,156490.00000
4817062,Clear Hills,2011,Cropland (Acres),Other,Acres,156919.00000
4817062,Clear Hills,2016,Cropland (Acres),Other,Acres,138314.00000
4818015,Greenview No. 16,2006,Cropland (Acres),Other,Acres,203603.00000
4818015,Greenview No. 16,2011,Cropland (Acres),Other,Acres,141108.00000
4818015,Greenview No. 16,2016,Cropland (Acres),Other,Acres,115172.00000
4819006,Grande Prairie County No. 1,2006,Cropland (Acres),Other,Acres,237040.00000
4819006,Grande Prairie County No. 1,2011,Cropland (Acres),Other,Acres,230604.00000
4819006,Grande Prairie County No. 1,2016,Cropland (Acres),Other,Acres,226645.00000
4812004,Bonnyville No. 87,2006,Cropland (Acres),Other,Acres,156417.00000
4812004,Bonnyville No. 87,2011,Cropland (Acres),Other,Acres,164132.00000
4812004,Bonnyville No. 87,2016,Cropland (Acres),Other,Acres,126238.00000
4812014,St. Paul County No. 19,2006,Cropland (Acres),Other,Acres,146847.00000
4812014,St. Paul County No. 19,2011,Cropland (Acres),Other,Acres,148191.00000
4812014,St. Paul County No. 19,2016,Cropland (Acres),Other,Acres,111685.00000
4812022,Smoky Lake County,2006,Cropland (Acres),Other,Acres,128571.00000
4812022,Smoky Lake County,2011,Cropland (Acres),Other,Acres,80240.00000
4812022,Smoky Lake County,2016,Cropland (Acres),Other,Acres,72979.00000
4819071,Peace No. 135,2006,Cropland (Acres),Other,Acres,79805.00000
4819071,Peace No. 135,2011,Cropland (Acres),Other,Acres,71024.00000
4819071,Peace No. 135,2016,Cropland (Acres),Other,Acres,40554.00000
4815007,Crowsnest Pass,2006,Cropland (Acres),Other,Acres,331.00000
4815007,Crowsnest Pass,2011,Cropland (Acres),Other,Acres,0.00000
4815015,Bighorn No. 8,2006,Cropland (Acres),Other,Acres,2115.00000
4815015,Bighorn No. 8,2011,Cropland (Acres),Other,Acres,7383.00000
4815015,Bighorn No. 8,2016,Cropland (Acres),Other,Acres,5405.00000
4815037,Improvement District No. 12 Jasper Park,2006,Cropland (Acres),Other,Acres,0.00000
4815037,Improvement District No. 12 Jasper Park,2011,Cropland (Acres),Other,Acres,0.00000
4815037,Improvement District No. 12 Jasper Park,2016,Cropland (Acres),Other,Acres,0.00000
4815045,Ranchland No. 66,2006,Cropland (Acres),Other,Acres,3667.00000
4815045,Ranchland No. 66,2011,Cropland (Acres),Other,Acres,4990.00000
4815045,Ranchland No. 66,2016,Cropland (Acres),Other,Acres,6481.00000
4816037,Wood Buffalo,2016,Cropland (Acres),Other,Acres,470.00000
4816051,Improvement District No. 24 Wood Buffalo,2016,Cropland (Acres),Other,Acres,0.00000
4811012,Leduc County,2006,Cropland (Acres),Other,Acres,164885.00000
4811012,Leduc County,2011,Cropland (Acres),Other,Acres,126034.00000
4811012,Leduc County,2016,Cropland (Acres),Other,Acres,109849.00000
4811001,Wetaskiwin County No. 10,2006,Cropland (Acres),Other,Acres,135371.00000
4811001,Wetaskiwin County No. 10,2011,Cropland (Acres),Other,Acres,100380.00000
4811001,Wetaskiwin County No. 10,2016,Cropland (Acres),Other,Acres,99116.00000
4817076,Northern Lights County,2006,Cropland (Acres),Other,Acres,127886.00000
4817076,Northern Lights County,2011,Cropland (Acres),Other,Acres,111281.00000
4817076,Northern Lights County,2016,Cropland (Acres),Other,Acres,68399.00000
4813036,Thorhild County,2006,Cropland (Acres),Other,Acres,95690.00000
4813036,Thorhild County,2011,Cropland (Acres),Other,Acres,100502.00000
4813036,Thorhild County,2016,Cropland (Acres),Other,Acres,46127.00000
4813044,Athabasca County,2006,Cropland (Acres),Other,Acres,181770.00000
4813044,Athabasca County,2011,Cropland (Acres),Other,Acres,114120.00000
4813044,Athabasca County,2016,Cropland (Acres),Other,Acres,104087.00000
4817033,Lesser Slave River No.124,2006,Cropland (Acres),Other,Acres,26457.00000
4817033,Lesser Slave River No.124,2011,Cropland (Acres),Other,Acres,28085.00000
4817033,Lesser Slave River No.124,2016,Cropland (Acres),Other,Acres,18505.00000
4810058,Lamont County,2006,Cropland (Acres),Other,Acres,157905.00000
4810058,Lamont County,2011,Cropland (Acres),Other,Acres,65051.00000
4810058,Lamont County,2016,Cropland (Acres),Other,Acres,78023.00000
4810048,Two Hills County No. 21,2006,Cropland (Acres),Other,Acres,163836.00000
4810048,Two Hills County No. 21,2011,Cropland (Acres),Other,Acres,83463.00000
4810048,Two Hills County No. 21,2016,Cropland (Acres),Other,Acres,65692.00000
4814003,Yellowhead County,2006,Cropland (Acres),Other,Acres,108480.00000
4814003,Yellowhead County,2011,Cropland (Acres),Other,Acres,95569.00000
4814003,Yellowhead County,2016,Cropland (Acres),Other,Acres,84238.00000
